isNewVisitor,fullReferrerIsSet,isReferral,landingPagePathIsSet,sessions,bounceRate,pageviewsPerSession,timeOnPage,source,numberOfDuplicates,isSpam
0,0,0,0,34,44.117645,2.6470587,1308,(direct),1,0
0,0,0,1,1,100,1,0,(direct),299,0
0,0,0,1,1,0,2,76,(direct),1,0
0,0,0,1,6,100,1,0,(direct),5,0
0,0,0,1,1,0,9,930,(direct),1,0
0,0,0,1,1,0,2,89,(direct),1,0
0,0,0,1,1,0,5,19,(direct),1,0
0,0,0,1,2,100,1,0,(direct),31,0
0,0,0,1,11,81.818184,1.4545455,1740,(direct),1,0
0,0,0,1,1,0,11,16,(direct),1,0
0,0,0,1,1,0,2,23,(direct),1,0
0,0,0,0,2,50,3.5,88,(direct),1,0
0,0,0,1,1,0,4,1287,(direct),1,0
0,0,0,1,1,0,135,5117,(direct),1,0
0,0,0,1,2,50,1.5,79,(direct),1,0
0,0,0,0,1,100,1,0,(direct),360,0
0,0,0,0,18,100,1,0,(direct),2,0
0,0,0,1,7,100,1,0,(direct),3,0
0,0,0,1,8,100,1,0,(direct),4,0
0,0,0,1,9,100,1,0,(direct),3,0
0,0,0,0,4,100,1,0,(direct),7,0
0,0,0,1,9,88.888885,1.1111112,18,(direct),1,0
0,0,0,1,1,0,2,54,(direct),1,0
0,0,0,1,1,0,3,530,(direct),1,0
0,0,0,0,1,0,2,12,(direct),3,0
0,0,0,1,1,0,2,891,(direct),1,0
0,0,0,1,1,0,3,82,(direct),1,0
0,0,0,0,1,0,2,33,(direct),1,0
0,0,0,1,2,0,2.5,144,(direct),1,0
0,0,0,1,2,0,4.5,559,(direct),1,0
0,0,0,0,1,0,2,10,(direct),2,0
0,0,0,1,1,0,4,171,(direct),1,0
0,0,0,1,1,0,5,511,(direct),1,0
0,0,0,1,1,0,2,1144,(direct),1,0
0,0,0,1,2,50,1.5,26,(direct),1,0
0,0,0,1,2,50,1.5,121,(direct),1,0
0,0,0,0,3,0,3.3333333,917,(direct),1,0
0,0,0,1,5,80,1.2,132,(direct),1,0
0,0,0,0,1,0,8,474,(direct),1,0
0,0,0,1,1,0,2,105,(direct),1,0
0,0,0,1,1,0,3,85,(direct),1,0
0,0,0,1,2,50,7,75,(direct),1,0
0,0,0,0,11,27.272728,3.8181818,1998,(direct),1,0
0,0,0,0,2,100,1,0,(direct),62,0
0,0,0,1,1,0,3,1845,(direct),1,0
0,0,0,1,1,0,4,27,(direct),1,0
0,0,0,1,1,0,2,59,(direct),1,0
0,0,0,1,1,0,2,27,(direct),1,0
0,0,0,0,8,37.5,2.5,812,(direct),1,0
0,0,0,1,1,0,63,2972,(direct),1,0
0,0,0,1,1,0,2,61,(direct),1,0
0,0,0,1,1,0,2,181,(direct),1,0
0,0,0,1,1,0,4,680,(direct),1,0
0,0,0,1,1,0,2,58,(direct),1,0
0,0,0,1,1,0,3,150,(direct),1,0
0,0,0,1,1,0,2,47,(direct),1,0
0,0,0,1,3,0,29.333334,5677,(direct),1,0
0,0,0,1,1,0,3,9,(direct),1,0
0,0,0,1,2,50,1.5,615,(direct),1,0
0,0,0,1,3,66.666664,2,137,(direct),1,0
0,0,0,1,1,0,3,205,(direct),1,0
0,0,0,1,2,0,2,158,(direct),1,0
0,0,0,0,6,100,1,0,(direct),4,0
0,0,0,1,9,88.888885,1.1111112,53,(direct),1,0
0,0,0,0,5,100,1,0,(direct),4,0
0,0,0,1,4,100,1,0,(direct),6,0
0,0,0,1,3,100,1,0,(direct),6,0
0,0,0,1,1,0,3,365,(direct),1,0
0,0,0,1,1,0,3,101,(direct),1,0
0,0,0,1,1,0,9,13,(direct),1,0
0,0,0,1,1,0,18,193,(direct),1,0
0,0,0,0,1,0,4,12,(direct),1,0
0,0,0,1,2,50,1.5,1508,(direct),1,0
0,0,0,1,1,0,2,81,(direct),1,0
0,0,0,1,1,0,2,15,(direct),3,0
0,0,0,1,1,0,2,259,(direct),1,0
0,0,0,1,1,0,4,318,(direct),1,0
0,0,0,1,1,0,3,80,(direct),2,0
0,0,0,1,2,0,4.5,2435,(direct),1,0
0,0,0,1,1,0,3,30,(direct),1,0
0,0,0,1,1,0,3,48,(direct),1,0
0,0,0,0,1,0,6,340,(direct),1,0
0,0,0,1,1,0,6,157,(direct),1,0
0,0,0,1,1,0,2,28,(direct),1,0
0,0,0,0,1,0,2,19,(direct),1,0
0,0,0,1,1,0,3,108,(direct),1,0
0,0,0,1,1,0,3,72,(direct),1,0
0,0,0,0,3,33.333332,3,41,(direct),1,0
0,0,0,1,4,50,27.75,1874,(direct),1,0
0,0,0,1,6,50,1.5,1140,(direct),1,0
0,0,0,1,1,0,2,6,(direct),2,0
0,0,0,1,1,0,3,573,(direct),1,0
0,0,0,1,1,0,2,10,(direct),1,0
0,0,0,0,1,0,5,59,(direct),1,0
0,0,0,1,1,0,2,86,(direct),1,0
0,0,0,0,3,33.333332,2,320,(direct),1,0
0,0,0,1,1,0,2,1675,(direct),1,0
0,0,0,1,1,0,3,215,(direct),1,0
0,0,0,1,1,0,5,46,(direct),1,0
0,0,0,1,1,0,4,89,(direct),1,0
0,0,0,0,1,0,3,2,(direct),1,0
0,0,0,0,1,0,3,32,(direct),1,0
0,0,0,0,1,0,2,323,(direct),1,0
0,0,0,1,1,0,2,24,(direct),1,0
0,0,0,0,1,0,3,82,(direct),1,0
0,0,0,0,1,0,2,1640,(direct),1,0
0,0,0,1,1,0,5,316,(direct),1,0
0,0,0,0,1,0,2,3,(direct),1,0
0,0,0,1,1,0,3,870,(direct),1,0
0,0,0,1,1,0,2,109,(direct),1,0
0,0,0,1,2,50,2,918,(direct),1,0
0,0,0,1,1,0,8,1726,(direct),1,0
0,0,0,1,2,50,1.5,208,(direct),1,0
0,0,0,1,4,75,6.5,657,(direct),1,0
0,0,0,1,1,0,2,393,(direct),1,0
0,0,0,1,1,0,3,395,(direct),1,0
0,0,0,1,1,0,2,36,(direct),2,0
0,0,0,0,1,0,7,143,(direct),1,0
0,0,0,1,2,0,11,1823,(direct),1,0
0,0,0,1,1,0,2,1346,(direct),1,0
0,0,0,0,2,50,1.5,18,(direct),1,0
0,0,0,1,2,50,1.5,0,(direct),1,0
0,0,0,1,1,0,2,707,(direct),1,0
0,0,0,1,5,60,7.4,586,(direct),1,0
0,0,0,1,1,0,2,831,(direct),1,0
0,0,0,0,1,0,8,426,(direct),1,0
0,0,0,0,1,0,8,632,(direct),1,0
0,0,0,0,1,0,3,70,(direct),1,0
0,1,1,1,1,100,1,0,10.245.90.39:15871,1,0
0,1,1,1,1,100,1,0,192.168.2.105:8080,1,0
0,1,1,0,1,100,1,0,2482829.responsive-test.net,1,0
0,1,1,0,1,0,4,684,ak7.io,1,0
0,1,1,0,1,0,3,16,ak7.io,1,0
0,1,1,0,1,0,2,11,ak7.io,1,0
0,1,1,0,1,100,1,0,ak7.io,1,0
0,1,1,0,1,0,32,583,ak7.io,1,0
0,1,1,0,5,80,1.2,1,allmark.io,1,0
0,1,1,0,1,0,8,55,allmark.io,1,0
0,1,1,0,1,0,2,35,allmark.io,1,0
0,1,1,0,1,100,1,0,allmark.io,34,0
0,1,1,0,1,0,2,11,allmark.io,1,0
0,1,1,0,1,0,3,31,allmark.io,1,0
0,1,1,0,1,0,4,10,allmark.io,1,0
0,1,1,0,1,0,4,22,allmark.io,1,0
0,1,1,0,2,100,1,0,allmark.io,1,0
0,1,1,0,1,0,2,19,allmark.io,2,0
0,1,1,0,1,0,11,611,allmark.io,1,0
0,1,1,0,1,0,4,23,allmark.io,1,0
0,1,1,0,2,0,7,620,allmark.io,1,0
0,1,1,0,1,0,7,1920,allmark.io,1,0
0,1,1,0,1,0,2,284,allmark.io,1,0
0,1,1,0,1,0,4,70,allmark.io,1,0
0,1,1,0,1,0,5,1573,allmark.io,1,0
0,1,1,0,1,0,6,44,allmark.io,1,0
0,1,1,0,1,0,4,31,allmark.io,2,0
0,1,1,0,2,50,2,310,allmark.io,1,0
0,1,1,0,1,0,4,39,allmark.io,1,0
0,1,1,0,1,0,8,171,allmark.io,1,0
0,1,1,0,1,0,3,1075,allmark.io,1,0
0,1,1,0,1,0,3,5,allmark.io,1,0
0,1,1,0,2,50,1.5,25,allmark.io,1,0
0,1,1,0,1,0,2,104,allmark.io,1,0
0,1,1,0,1,0,2,23,allmark.io,1,0
0,1,1,0,1,0,3,127,allmark.io,1,0
0,1,1,0,1,0,7,56,allmark.io,1,0
0,1,1,0,1,0,2,8,allmark.io,1,0
0,1,1,0,1,0,3,241,allmark.io,1,0
0,1,1,0,1,0,7,64,allmark.io,1,0
0,1,1,0,1,0,4,13,allmark.io,1,0
0,1,1,0,1,0,2,64,allmark.io,1,0
0,1,1,0,1,0,4,93,allmark.io,1,0
0,1,1,0,1,0,7,53,allmark.io,1,0
0,1,1,1,1,100,1,0,allmark.io,1,0
0,1,1,1,1,0,2,83,allmark.io,1,0
0,1,1,1,1,0,2,9,allmark.io,1,0
0,1,0,1,1,0,3,114,aol,1,0
0,1,0,1,1,100,1,0,baidu,1,0
0,1,1,1,1,100,1,0,besnard-mobi.socialcast.com,1,0
0,1,0,1,1,100,1,0,bing,24,0
0,1,0,1,1,0,20,1080,bing,1,0
0,1,0,1,1,0,2,22,bing,1,0
0,1,0,1,1,0,6,463,bing,1,0
0,1,0,0,1,0,2,38,bing,1,0
0,1,0,0,1,100,1,0,bing,7,0
0,1,0,1,1,0,9,47,bing,1,0
0,1,1,0,1,100,1,0,bitbucket.org,3,0
0,1,1,0,4,0,3,272,bitbucket.org,1,0
0,1,1,0,1,0,7,164,bitbucket.org,1,0
0,1,1,0,1,0,2,11,bitbucket.org,1,0
0,1,1,0,1,0,5,264,bitbucket.org,1,0
0,1,1,0,2,100,1,0,build-a-better-business.2your.site,1,1
0,1,1,0,1,100,1,0,build-audience.for-your.website,1,1
0,1,1,0,1,100,1,0,buttons-for-website.com,7,1
0,1,1,1,1,100,1,0,cafe.naver.com,10,1
0,1,1,1,3,100,1,0,cafe.naver.com,1,1
0,1,1,1,2,100,1,0,cafe.naver.com,1,1
0,1,1,1,1,100,1,0,de.meet-magento.com,2,0
0,1,1,0,1,0,2,14,delicious.com,1,0
0,1,1,0,1,100,1,0,delicious.com,1,0
0,1,1,1,1,100,1,0,demo.generia.de,1,0
0,1,1,1,1,100,1,0,desarrollo.atsistemas.com,1,0
0,1,1,0,1,100,1,0,develop.allmark.io,1,0
0,1,1,1,2,0,8,1845,dub114.mail.live.com,1,0
0,1,1,1,1,0,3,86,duckduckgo.com,1,0
0,1,1,1,1,100,1,0,duckduckgo.com,31,0
0,1,1,1,1,0,9,88,duckduckgo.com,1,0
0,1,1,1,1,0,2,41,duckduckgo.com,1,0
0,1,1,1,1,0,2,90,duckduckgo.com,1,0
0,1,1,1,1,0,2,30,duckduckgo.com,1,0
0,1,1,1,1,0,3,256,duckduckgo.com,1,0
0,1,1,1,1,100,1,0,ecosia.org,1,0
0,1,1,1,1,0,2,134,feedly.com,1,0
0,1,1,0,1,100,1,0,fix-website-errors.com,6,1
0,1,1,0,1,100,1,0,free-social-buttons5.xyz,18,1
0,1,1,0,3,100,1,0,free-social-buttons5.xyz,1,1
0,1,1,0,2,100,1,0,free-social-buttons5.xyz,1,1
0,1,1,1,5,100,1,0,free-traffic.xyz,2,1
0,1,1,1,1,100,1,0,free-traffic.xyz,62,1
0,1,1,0,1,100,1,0,free-video-tool.com,11,1
0,1,1,1,1,100,1,0,getpocket.com,4,0
0,1,1,1,1,0,2,228,getpocket.com,1,0
0,1,1,0,1,0,5,39,github.com,1,0
0,1,1,0,1,100,1,0,github.com,55,0
0,1,1,1,1,100,1,0,github.com,40,0
0,1,1,0,1,0,3,172,github.com,1,0
0,1,1,0,1,0,2,259,github.com,1,0
0,1,1,0,1,0,4,111,github.com,1,0
0,1,1,0,1,0,4,170,github.com,1,0
0,1,1,0,1,0,11,198,github.com,1,0
0,1,1,0,1,0,2,29,github.com,1,0
0,1,1,0,2,100,1,0,github.com,3,0
0,1,1,0,1,0,6,101,github.com,1,0
0,1,1,0,1,0,5,54,github.com,1,0
0,1,1,0,1,0,11,213,github.com,1,0
0,1,1,0,1,0,3,87,github.com,1,0
0,1,1,0,1,0,2,868,github.com,1,0
0,1,1,0,1,0,7,20,github.com,1,0
0,1,1,0,1,0,2,252,github.com,1,0
0,1,1,0,1,0,2,19,github.com,1,0
0,1,1,1,3,33.333332,2,1587,github.com,1,0
0,1,1,1,1,0,7,1403,github.com,1,0
0,1,1,1,1,0,2,0,github.com,1,0
0,1,1,1,3,100,1,0,github.com,1,0
0,1,1,1,1,0,6,646,github.com,1,0
0,1,1,1,2,50,1.5,194,github.com,1,0
0,1,1,1,1,0,5,719,github.com,1,0
0,1,1,1,1,0,2,1,github.com,2,0
0,1,1,1,1,0,3,1852,github.com,1,0
0,1,1,0,1,0,3,267,github.com,1,0
0,1,0,0,11,100,1,0,google,3,0
0,1,0,1,1,100,1,0,google,3091,0
0,1,0,1,2,50,1.5,3,google,1,0
0,1,0,1,1,0,2,44,google,4,0
0,1,0,1,2,100,1,0,google,237,0
0,1,0,1,1,0,2,3,google,3,0
0,1,0,1,1,0,19,797,google,1,0
0,1,0,1,1,0,4,279,google,1,0
0,1,0,1,6,100,1,0,google,4,0
0,1,0,1,4,75,1.25,169,google,1,0
0,1,0,1,1,0,2,36,google,3,0
0,1,0,1,6,83.333336,1.1666666,69,google,1,0
0,1,0,1,5,80,1.2,54,google,1,0
0,1,0,1,3,66.666664,3.6666667,83,google,1,0
0,1,0,1,25,84,1.24,1834,google,1,0
0,1,0,1,2,50,5,88,google,1,0
0,1,0,1,1,0,2,436,google,1,0
0,1,0,1,61,75.409836,1.704918,8344,google,1,0
0,1,0,1,17,64.70588,3.3529413,1730,google,1,0
0,1,0,1,2,0,2,11,google,1,0
0,1,0,1,2,50,1.5,36,google,1,0
0,1,0,1,1,0,3,475,google,2,0
0,1,0,1,16,62.5,2.3125,775,google,1,0
0,1,0,1,5,100,1,0,google,11,0
0,1,0,1,5,80,2.2,129,google,1,0
0,1,0,1,19,89.47369,3.2105262,2637,google,1,0
0,1,0,1,60,78.333336,1.4166666,4861,google,1,0
0,1,0,1,11,81.818184,3.4545455,226,google,1,0
0,1,0,1,7,85.71429,1.5714285,37,google,1,0
0,1,0,1,13,53.846153,6.230769,2356,google,1,0
0,1,0,1,23,82.608696,1.8695652,338,google,1,0
0,1,0,1,1,0,2,28,google,2,0
0,1,0,1,16,75,2.25,1481,google,1,0
0,1,0,1,3,66.666664,1.3333334,15,google,1,0
0,1,0,1,1,0,2,17,google,6,0
0,1,0,1,10,40,16,2708,google,1,0
0,1,0,1,4,100,1,0,google,23,0
0,1,0,1,1,0,13,1115,google,1,0
0,1,0,1,1,0,2,86,google,2,0
0,1,0,1,1,0,3,109,google,1,0
0,1,0,1,1,0,2,741,google,1,0
0,1,0,0,1,100,1,0,google,257,0
0,1,0,1,1,0,2,7,google,9,0
0,1,0,1,2,0,3,3692,google,1,0
0,1,0,1,1,0,4,495,google,1,0
0,1,0,1,1,0,2,46,google,1,0
0,1,0,1,1,0,6,39,google,3,0
0,1,0,1,1,0,2,6,google,5,0
0,1,0,1,1,0,2,512,google,2,0
0,1,0,1,3,66.666664,1.3333334,963,google,1,0
0,1,0,1,1,0,2,141,google,1,0
0,1,0,1,1,0,49,390,google,1,0
0,1,0,1,1,0,2,644,google,1,0
0,1,0,1,1,0,2,5,google,9,0
0,1,0,1,1,0,5,651,google,1,0
0,1,0,1,3,66.666664,1.3333334,411,google,1,0
0,1,0,1,2,50,1.5,11,google,1,0
0,1,0,1,2,50,5.5,290,google,1,0
0,1,0,1,1,0,2,48,google,3,0
0,1,0,1,1,0,2,38,google,3,0
0,1,0,1,1,0,33,3358,google,1,0
0,1,0,1,1,0,16,933,google,1,0
0,1,0,1,3,100,1,0,google,60,0
0,1,0,1,3,66.666664,2.6666667,82,google,1,0
0,1,0,1,1,0,5,90,google,1,0
0,1,0,1,7,42.857143,1.7142857,4249,google,1,0
0,1,0,1,1,0,2,245,google,1,0
0,1,0,1,1,0,2,23,google,3,0
0,1,0,1,1,0,2,185,google,1,0
0,1,0,1,2,50,2.5,188,google,1,0
0,1,0,1,2,0,2,162,google,1,0
0,1,0,1,4,50,1.5,526,google,1,0
0,1,0,1,3,66.666664,11.666667,197,google,1,0
0,1,0,1,2,50,1.5,1224,google,1,0
0,1,0,1,1,0,2,349,google,1,0
0,1,0,1,1,0,4,68,google,1,0
0,1,0,1,1,0,2,568,google,1,0
0,1,0,1,1,0,2,76,google,1,0
0,1,0,1,1,0,2,52,google,3,0
0,1,0,1,1,0,36,833,google,1,0
0,1,0,1,1,0,6,343,google,1,0
0,1,0,1,1,0,18,1145,google,1,0
0,1,0,1,1,0,5,295,google,1,0
0,1,0,1,1,0,31,2340,google,1,0
0,1,0,1,1,0,4,479,google,1,0
0,1,0,1,1,0,2,193,google,1,0
0,1,0,1,3,66.666664,1.6666666,116,google,1,0
0,1,0,1,1,0,8,53,google,1,0
0,1,0,1,2,50,2.5,27,google,1,0
0,1,0,1,1,0,8,96,google,1,0
0,1,0,1,1,0,2,170,google,1,0
0,1,0,1,1,0,2,120,google,1,0
0,1,0,1,1,0,4,25,google,1,0
0,1,0,1,1,0,12,28,google,1,0
0,1,0,1,1,0,5,38,google,1,0
0,1,0,1,1,0,14,30,google,1,0
0,1,0,1,1,0,3,13,google,1,0
0,1,0,1,1,0,12,40,google,1,0
0,1,0,1,1,0,2,198,google,3,0
0,1,0,1,1,0,2,263,google,3,0
0,1,0,1,1,0,3,478,google,1,0
0,1,0,1,2,50,4,1623,google,1,0
0,1,0,1,1,0,2,89,google,1,0
0,1,0,1,1,0,2,27,google,4,0
0,1,0,1,1,0,4,34,google,2,0
0,1,0,1,1,0,2,144,google,1,0
0,1,0,1,1,0,6,129,google,1,0
0,1,0,1,1,0,2,528,google,1,0
0,1,0,1,1,0,2,190,google,1,0
0,1,0,1,1,0,2,10,google,8,0
0,1,0,1,3,33.333332,34.333332,617,google,1,0
0,1,0,1,1,0,3,11,google,2,0
0,1,0,1,1,0,2,531,google,2,0
0,1,0,1,1,0,5,1334,google,1,0
0,1,0,1,2,50,2,691,google,1,0
0,1,0,1,1,0,5,1071,google,1,0
0,1,0,1,1,0,4,683,google,1,0
0,1,0,1,1,0,2,1370,google,1,0
0,1,0,1,1,0,3,36,google,3,0
0,1,0,1,2,50,2.5,207,google,1,0
0,1,0,1,1,0,2,13,google,3,0
0,1,0,1,1,0,4,111,google,1,0
0,1,0,1,1,0,20,27,google,1,0
0,1,0,1,3,66.666664,1.3333334,1549,google,1,0
0,1,0,1,1,0,3,48,google,2,0
0,1,0,1,1,0,5,16,google,1,0
0,1,0,1,1,0,11,1139,google,1,0
0,1,0,1,5,40,2.4,1396,google,1,0
0,1,0,1,1,0,33,1042,google,1,0
0,1,0,1,1,0,2,237,google,1,0
0,1,0,1,1,0,2,140,google,1,0
0,1,0,1,1,0,2,111,google,1,0
0,1,0,1,4,75,1.5,1075,google,1,0
0,1,0,1,1,0,10,122,google,1,0
0,1,0,1,1,0,14,1144,google,1,0
0,1,0,1,1,0,6,96,google,1,0
0,1,0,1,5,60,2.8,650,google,1,0
0,1,0,1,1,0,2,477,google,1,0
0,1,0,1,1,0,3,182,google,1,0
0,1,0,1,3,33.333332,2.6666667,991,google,1,0
0,1,0,1,1,0,4,24,google,2,0
0,1,0,1,1,0,6,20,google,1,0
0,1,0,1,1,0,2,54,google,1,0
0,1,0,1,1,0,3,181,google,1,0
0,1,0,1,1,0,3,1458,google,1,0
0,1,0,1,1,0,3,457,google,1,0
0,1,0,1,2,0,2,384,google,1,0
0,1,0,1,4,50,7.5,409,google,1,0
0,1,0,1,2,50,2,96,google,1,0
0,1,0,1,3,66.666664,1.6666666,153,google,1,0
0,1,0,1,1,0,5,161,google,1,0
0,1,0,1,2,50,2,8,google,1,0
0,1,0,1,1,0,2,204,google,2,0
0,1,0,1,5,80,1.2,1791,google,1,0
0,1,0,1,1,0,4,95,google,1,0
0,1,0,1,9,88.888885,1.1111112,31,google,1,0
0,1,0,1,1,0,5,7,google,1,0
0,1,0,1,7,42.857143,5.714286,536,google,1,0
0,1,0,1,5,60,1.4,2484,google,1,0
0,1,0,1,1,0,3,2079,google,1,0
0,1,0,1,2,0,3.5,527,google,1,0
0,1,0,1,1,0,2,4,google,6,0
0,1,0,1,1,0,4,154,google,1,0
0,1,0,1,1,0,3,316,google,1,0
0,1,0,1,1,0,2,97,google,1,0
0,1,0,1,1,0,6,589,google,1,0
0,1,0,1,1,0,2,45,google,2,0
0,1,0,1,2,0,3.5,1996,google,1,0
0,1,0,1,1,0,2,155,google,1,0
0,1,0,1,1,0,5,1277,google,1,0
0,1,0,1,1,0,2,58,google,2,0
0,1,0,1,1,0,5,9,google,1,0
0,1,0,1,1,0,4,122,google,1,0
0,1,0,1,4,75,1.5,659,google,1,0
0,1,0,1,2,50,2,64,google,1,0
0,1,0,1,1,0,2,34,google,5,0
0,1,0,1,1,0,4,269,google,1,0
0,1,0,1,4,50,2.25,1412,google,1,0
0,1,0,1,1,0,5,759,google,1,0
0,1,0,1,1,0,6,312,google,1,0
0,1,0,1,1,0,2,183,google,2,0
0,1,0,0,1,0,3,41,google,1,0
0,1,0,1,1,0,12,1818,google,1,0
0,1,0,0,1,0,9,54,google,1,0
0,1,0,1,1,0,3,408,google,1,0
0,1,0,1,2,50,1.5,648,google,1,0
0,1,0,1,1,0,5,129,google,1,0
0,1,0,1,1,0,3,6,google,2,0
0,1,0,1,1,0,25,92,google,1,0
0,1,0,1,1,0,4,107,google,1,0
0,1,0,1,1,0,6,74,google,1,0
0,1,0,1,1,0,2,8,google,5,0
0,1,0,1,1,0,2,262,google,1,0
0,1,0,1,1,0,8,54,google,1,0
0,1,0,1,1,0,158,1936,google,1,0
0,1,0,1,1,0,8,3074,google,1,0
0,1,0,1,1,0,2,69,google,2,0
0,1,0,1,3,33.333332,2.6666667,122,google,1,0
0,1,0,1,1,0,6,143,google,1,0
0,1,0,1,6,66.666664,1.5,35,google,1,0
0,1,0,1,4,75,1.25,371,google,1,0
0,1,0,1,6,66.666664,1.6666666,1892,google,1,0
0,1,0,1,1,0,3,1175,google,1,0
0,1,0,1,2,50,2,83,google,1,0
0,1,0,1,11,90.90909,1.0909091,28,google,1,0
0,1,0,1,3,66.666664,2,319,google,1,0
0,1,0,1,8,87.5,1.125,4,google,1,0
0,1,0,1,1,0,7,134,google,1,0
0,1,0,1,1,0,2,149,google,3,0
0,1,0,1,8,50,1.625,1029,google,1,0
0,1,0,1,1,0,2,43,google,3,0
0,1,0,1,4,75,1.25,1658,google,1,0
0,1,0,1,1,0,5,64,google,1,0
0,1,0,1,4,50,19,704,google,1,0
0,1,0,1,3,66.666664,2.3333333,63,google,1,0
0,1,0,1,1,0,3,1164,google,1,0
0,1,0,1,1,0,2,2,google,4,0
0,1,0,1,4,50,2,151,google,1,0
0,1,0,1,1,0,2,446,google,1,0
0,1,0,1,1,0,2,224,google,1,0
0,1,0,1,1,0,3,511,google,1,0
0,1,0,1,1,0,2,1,google,4,0
0,1,0,1,1,0,2,25,google,4,0
0,1,0,1,1,0,2,60,google,3,0
0,1,0,1,1,0,3,97,google,2,0
0,1,0,1,1,0,2,94,google,2,0
0,1,0,1,4,75,1.25,1418,google,1,0
0,1,0,1,3,66.666664,1.3333334,2,google,1,0
0,1,0,1,3,0,3,268,google,1,0
0,1,0,1,5,80,1.2,46,google,1,0
0,1,0,1,1,0,2,1478,google,1,0
0,1,0,1,4,75,2,62,google,1,0
0,1,0,1,2,50,1.5,256,google,1,0
0,1,0,1,1,0,27,459,google,1,0
0,1,0,1,1,0,2,241,google,1,0
0,1,0,1,1,0,5,96,google,1,0
0,1,0,1,1,0,2,284,google,2,0
0,1,0,1,1,0,17,2222,google,1,0
0,1,0,1,1,0,6,94,google,1,0
0,1,0,1,7,71.42857,26.857143,2179,google,1,0
0,1,0,1,1,0,8,1804,google,1,0
0,1,0,1,1,0,2,1738,google,1,0
0,1,0,1,1,0,4,159,google,1,0
0,1,0,1,1,0,3,64,google,4,0
0,1,0,1,1,0,2,280,google,1,0
0,1,0,1,1,0,3,59,google,1,0
0,1,0,1,1,0,2,103,google,2,0
0,1,0,1,1,0,2,85,google,2,0
0,1,0,1,1,0,16,943,google,1,0
0,1,0,1,1,0,27,1196,google,1,0
0,1,0,1,1,0,2,15,google,5,0
0,1,0,1,2,50,3,1751,google,1,0
0,1,0,1,1,0,7,53,google,1,0
0,1,0,1,1,0,7,77,google,1,0
0,1,0,1,1,0,10,1020,google,1,0
0,1,0,1,1,0,5,92,google,1,0
0,1,0,1,2,50,1.5,279,google,1,0
0,1,0,1,2,50,12,738,google,1,0
0,1,0,1,1,0,8,94,google,1,0
0,1,0,1,1,0,5,1563,google,1,0
0,1,0,1,1,0,4,265,google,1,0
0,1,0,1,1,0,2,147,google,2,0
0,1,0,1,1,0,8,557,google,1,0
0,1,0,1,1,0,9,1694,google,1,0
0,1,0,1,5,60,2.2,293,google,1,0
0,1,0,1,1,0,3,88,google,1,0
0,1,0,1,1,0,9,212,google,1,0
0,1,0,1,1,0,7,27,google,1,0
0,1,0,1,1,0,4,997,google,1,0
0,1,0,1,1,0,16,1707,google,1,0
0,1,0,1,1,0,27,303,google,1,0
0,1,0,1,1,0,3,233,google,1,0
0,1,0,1,1,0,4,351,google,1,0
0,1,0,1,2,50,2,834,google,1,0
0,1,0,1,2,50,1.5,104,google,1,0
0,1,0,1,1,0,3,979,google,1,0
0,1,0,1,3,66.666664,1.3333334,1501,google,1,0
0,1,0,1,1,0,2,112,google,1,0
0,1,0,1,1,0,4,173,google,1,0
0,1,0,1,1,0,3,348,google,1,0
0,1,0,1,2,50,1.5,79,google,1,0
0,1,0,1,2,0,12.5,110,google,1,0
0,1,0,1,2,50,1.5,1157,google,1,0
0,1,0,1,1,0,2,37,google,4,0
0,1,0,1,1,0,9,1396,google,1,0
0,1,0,1,1,0,36,839,google,1,0
0,1,0,1,1,0,3,37,google,1,0
0,1,0,1,1,0,4,312,google,1,0
0,1,0,1,1,0,5,906,google,1,0
0,1,0,1,2,50,1.5,4,google,3,0
0,1,0,1,1,0,4,245,google,1,0
0,1,0,1,1,0,2,77,google,1,0
0,1,0,1,1,0,7,1402,google,1,0
0,1,0,1,1,0,2,18,google,5,0
0,1,0,1,3,66.666664,3,134,google,1,0
0,1,0,1,1,0,8,880,google,1,0
0,1,0,1,1,0,2,1458,google,1,0
0,1,0,1,1,0,2,0,google,6,0
0,1,0,1,1,0,3,198,google,1,0
0,1,0,1,2,50,2,342,google,1,0
0,1,0,1,3,33.333332,2.6666667,102,google,1,0
0,1,0,1,6,66.666664,1.3333334,1115,google,1,0
0,1,0,1,2,50,1.5,172,google,1,0
0,1,0,1,2,50,2,250,google,1,0
0,1,0,1,1,0,31,1180,google,1,0
0,1,0,1,1,0,7,183,google,1,0
0,1,0,1,1,0,8,125,google,1,0
0,1,0,1,1,0,56,1191,google,1,0
0,1,0,1,1,0,3,15,google,2,0
0,1,0,1,1,0,5,426,google,1,0
0,1,0,1,1,0,5,308,google,1,0
0,1,0,1,1,0,2,180,google,2,0
0,1,0,1,3,66.666664,1.3333334,995,google,1,0
0,1,0,1,1,0,4,148,google,2,0
0,1,0,1,2,50,20,155,google,1,0
0,1,0,1,2,0,9.5,150,google,1,0
0,1,0,1,3,66.666664,2.3333333,126,google,1,0
0,1,0,1,3,66.666664,1.6666666,76,google,1,0
0,1,0,1,1,0,2,433,google,1,0
0,1,0,1,1,0,4,156,google,1,0
0,1,0,1,1,0,3,61,google,1,0
0,1,0,1,1,0,2,534,google,1,0
0,1,0,1,1,0,4,346,google,1,0
0,1,0,1,1,0,15,1763,google,1,0
0,1,0,1,1,0,10,13,google,1,0
0,1,0,1,1,0,3,166,google,1,0
0,1,0,1,1,0,7,84,google,1,0
0,1,0,1,1,0,8,131,google,1,0
0,1,0,1,1,0,16,585,google,1,0
0,1,0,1,1,0,2,181,google,3,0
0,1,0,1,4,50,2.75,2017,google,1,0
0,1,0,1,1,0,2,33,google,2,0
0,1,0,1,1,0,2,56,google,2,0
0,1,0,1,2,50,1.5,51,google,1,0
0,1,0,1,1,0,23,953,google,1,0
0,1,0,1,1,0,14,111,google,1,0
0,1,0,1,2,50,2.5,346,google,1,0
0,1,0,1,1,0,3,9,google,1,0
0,1,0,1,1,0,5,86,google,1,0
0,1,0,1,1,0,2,347,google,1,0
0,1,0,1,1,0,3,80,google,1,0
0,1,0,1,1,0,3,16,google,1,0
0,1,0,1,1,0,2,47,google,1,0
0,1,0,1,1,0,4,412,google,1,0
0,1,0,1,1,0,2,75,google,2,0
0,1,0,1,1,0,2,500,google,1,0
0,1,0,1,1,0,2,593,google,1,0
0,1,0,1,2,50,2,125,google,1,0
0,1,0,1,1,0,15,418,google,1,0
0,1,0,1,1,0,5,49,google,1,0
0,1,0,1,1,0,9,928,google,1,0
0,1,0,1,2,50,1.5,9,google,1,0
0,1,0,1,1,0,2,1009,google,1,0
0,1,0,1,1,0,2,142,google,2,0
0,1,0,1,2,50,2,114,google,1,0
0,1,0,1,1,0,2,82,google,2,0
0,1,0,1,1,0,13,402,google,1,0
0,1,0,1,2,50,1.5,864,google,1,0
0,1,0,1,2,50,2,135,google,1,0
0,1,0,1,1,0,2,128,google,1,0
0,1,0,1,1,0,3,203,google,1,0
0,1,0,1,1,0,9,110,google,1,0
0,1,0,1,1,0,3,766,google,1,0
0,1,0,1,1,0,5,723,google,1,0
0,1,0,1,1,0,12,939,google,1,0
0,1,0,1,1,0,4,71,google,1,0
0,1,0,1,1,0,2,1110,google,1,0
0,1,0,1,1,0,2,135,google,1,0
0,1,0,1,2,50,3,96,google,1,0
0,1,0,1,1,0,2,12,google,2,0
0,1,0,1,2,50,1.5,839,google,1,0
0,1,0,1,1,0,2,331,google,1,0
0,1,0,1,1,0,5,40,google,1,0
0,1,0,1,1,0,2,283,google,1,0
0,1,0,1,2,50,2.5,177,google,1,0
0,1,0,1,2,0,2,982,google,1,0
0,1,0,1,1,0,2,67,google,3,0
0,1,0,1,1,0,6,823,google,1,0
0,1,0,1,1,0,6,301,google,1,0
0,1,0,1,1,0,2,209,google,1,0
0,1,0,1,1,0,2,1733,google,1,0
0,1,0,1,1,0,3,1758,google,1,0
0,1,0,1,1,0,2,74,google,1,0
0,1,0,1,1,0,3,513,google,2,0
0,1,0,1,1,0,27,92,google,1,0
0,1,0,1,3,33.333332,1.6666666,703,google,1,0
0,1,0,1,3,66.666664,5.6666665,5063,google,1,0
0,1,0,1,1,0,2,1173,google,1,0
0,1,0,1,1,0,2,21,google,3,0
0,1,0,1,1,0,5,413,google,1,0
0,1,0,1,1,0,3,89,google,1,0
0,1,0,1,1,0,7,993,google,1,0
0,1,0,1,1,0,13,1098,google,1,0
0,1,0,1,1,0,6,203,google,1,0
0,1,0,1,3,33.333332,1.6666666,791,google,1,0
0,1,0,1,1,0,2,68,google,2,0
0,1,0,1,1,0,2,273,google,1,0
0,1,0,1,1,0,2,688,google,1,0
0,1,0,1,1,0,3,145,google,1,0
0,1,0,1,2,50,2,1421,google,1,0
0,1,0,1,1,0,2,98,google,1,0
0,1,0,1,1,0,5,186,google,1,0
0,1,0,1,2,50,1.5,1319,google,1,0
0,1,0,1,1,0,2,158,google,1,0
0,1,0,1,1,0,3,706,google,1,0
0,1,0,1,1,0,5,288,google,1,0
0,1,0,1,1,0,3,546,google,1,0
0,1,0,1,1,0,6,252,google,1,0
0,1,0,1,2,0,3.5,306,google,1,0
0,1,0,1,1,0,3,118,google,2,0
0,1,0,1,1,0,2,71,google,2,0
0,1,0,1,3,66.666664,2,83,google,1,0
0,1,0,1,1,0,14,920,google,1,0
0,1,0,1,1,0,3,135,google,2,0
0,1,0,1,1,0,2,90,google,1,0
0,1,0,1,1,0,5,262,google,1,0
0,1,0,1,1,0,2,861,google,1,0
0,1,0,1,1,0,4,100,google,1,0
0,1,0,1,1,0,11,650,google,1,0
0,1,0,1,2,50,2,643,google,1,0
0,1,0,1,1,0,2,197,google,2,0
0,1,0,1,1,0,2,79,google,1,0
0,1,0,1,1,0,2,26,google,2,0
0,1,0,1,2,50,1.5,19,google,1,0
0,1,0,1,2,50,2,173,google,1,0
0,1,0,1,1,0,5,230,google,1,0
0,1,0,1,1,0,2,41,google,1,0
0,1,0,1,1,0,6,276,google,1,0
0,1,0,1,3,66.666664,1.6666666,878,google,1,0
0,1,0,1,1,0,2,57,google,1,0
0,1,0,1,1,0,3,165,google,1,0
0,1,0,1,5,60,1.6,504,google,1,0
0,1,0,1,4,75,1.25,333,google,1,0
0,1,0,1,1,0,22,583,google,1,0
0,1,0,0,1,0,2,18,google,1,0
0,1,0,1,1,0,2,59,google,3,0
0,1,0,1,1,0,2,31,google,1,0
0,1,0,1,1,0,3,87,google,3,0
0,1,0,1,1,0,3,310,google,1,0
0,1,0,1,6,50,2,847,google,1,0
0,1,0,1,1,0,4,534,google,1,0
0,1,0,1,1,0,2,1778,google,1,0
0,1,0,0,1,0,2,5,google,1,0
0,1,0,1,1,0,3,1298,google,1,0
0,1,0,1,1,0,3,73,google,1,0
0,1,0,1,1,0,2,62,google,1,0
0,1,0,1,1,0,3,340,google,1,0
0,1,0,1,1,0,2,738,google,1,0
0,1,0,1,1,0,4,16,google,2,0
0,1,0,1,2,50,6.5,1428,google,1,0
0,1,0,1,1,0,2,22,google,5,0
0,1,0,1,1,0,15,57,google,1,0
0,1,0,1,1,0,4,368,google,1,0
0,1,0,1,2,50,2,144,google,1,0
0,1,0,1,2,50,5.5,140,google,1,0
0,1,0,1,1,0,5,409,google,1,0
0,1,0,1,1,0,39,1127,google,1,0
0,1,0,1,1,0,2,32,google,1,0
0,1,0,1,1,0,7,43,google,1,0
0,1,0,1,1,0,7,395,google,1,0
0,1,0,1,1,0,7,26,google,1,0
0,1,0,1,1,0,2,288,google,1,0
0,1,0,1,1,0,2,139,google,1,0
0,1,0,1,1,0,2,374,google,1,0
0,1,0,1,1,0,17,64,google,1,0
0,1,0,1,1,0,3,268,google,1,0
0,1,0,1,1,0,3,22,google,1,0
0,1,0,1,4,50,5.75,1211,google,1,0
0,1,0,1,6,83.333336,3,1571,google,1,0
0,1,0,1,6,83.333336,1.1666666,1495,google,1,0
0,1,0,1,1,0,20,358,google,1,0
0,1,0,1,1,0,3,98,google,2,0
0,1,0,1,5,60,1.4,59,google,1,0
0,1,0,1,6,66.666664,1.3333334,1461,google,1,0
0,1,0,1,1,0,20,2048,google,1,0
0,1,0,1,7,71.42857,1.4285715,2344,google,1,0
0,1,0,1,1,0,3,1210,google,1,0
0,1,0,1,1,0,5,1259,google,1,0
0,1,0,1,2,50,4,227,google,1,0
0,1,0,1,1,0,2,133,google,2,0
0,1,0,1,1,0,56,2214,google,1,0
0,1,0,1,1,0,2,225,google,1,0
0,1,0,1,1,0,2,165,google,1,0
0,1,0,1,8,62.5,1.375,327,google,1,0
0,1,0,1,22,86.36364,1.2727273,426,google,1,0
0,1,0,1,3,66.666664,1.6666666,156,google,1,0
0,1,0,1,2,50,1.5,359,google,1,0
0,1,0,1,5,40,2.8,127,google,1,0
0,1,0,1,13,76.92308,1.4615384,1630,google,1,0
0,1,0,1,3,33.333332,5,627,google,1,0
0,1,0,1,3,33.333332,2.3333333,352,google,1,0
0,1,0,1,11,63.636364,1.7272727,494,google,1,0
0,1,0,1,1,0,2,581,google,1,0
0,1,0,1,1,0,3,1504,google,1,0
0,1,0,1,1,0,2,508,google,1,0
0,1,0,1,2,50,1.5,710,google,1,0
0,1,0,1,5,60,2,5279,google,1,0
0,1,0,1,3,66.666664,1.3333334,78,google,1,0
0,1,0,1,1,0,2,115,google,1,0
0,1,0,1,1,0,3,106,google,1,0
0,1,0,1,1,0,3,35,google,2,0
0,1,0,1,2,50,1.5,722,google,1,0
0,1,0,1,2,50,2,1234,google,1,0
0,1,0,1,1,0,2,70,google,2,0
0,1,0,1,3,33.333332,3,1770,google,1,0
0,1,0,1,1,0,2,719,google,1,0
0,1,0,1,1,0,4,21,google,1,0
0,1,0,1,2,50,2,91,google,1,0
0,1,0,1,2,50,3,822,google,1,0
0,1,0,1,1,0,2,257,google,1,0
0,1,0,1,3,66.666664,1.6666666,336,google,1,0
0,1,0,1,1,0,4,58,google,2,0
0,1,0,1,1,0,3,387,google,1,0
0,1,0,1,1,0,4,33,google,1,0
0,1,0,1,1,0,3,552,google,1,0
0,1,0,1,1,0,2,1372,google,1,0
0,1,0,1,1,0,4,459,google,1,0
0,1,0,1,1,0,11,104,google,1,0
0,1,0,1,1,0,9,164,google,1,0
0,1,0,1,1,0,2,125,google,1,0
0,1,0,1,1,0,13,2030,google,1,0
0,1,0,1,2,50,1.5,1629,google,1,0
0,1,0,1,2,50,5,526,google,1,0
0,1,0,1,1,0,2,1706,google,1,0
0,1,0,1,1,0,20,1278,google,1,0
0,1,0,1,1,0,3,68,google,2,0
0,1,0,1,1,0,8,462,google,1,0
0,1,0,1,1,0,7,1847,google,1,0
0,1,0,1,2,50,5,1635,google,1,0
0,1,0,1,1,0,3,75,google,1,0
0,1,0,1,1,0,4,804,google,1,0
0,1,0,1,2,50,2.5,640,google,1,0
0,1,0,1,1,0,3,23,google,2,0
0,1,0,1,1,0,4,140,google,1,0
0,1,0,1,3,66.666664,1.3333334,394,google,1,0
0,1,0,1,2,50,1.5,209,google,1,0
0,1,0,1,4,50,1.5,161,google,1,0
0,1,0,1,2,50,2.5,229,google,1,0
0,1,0,1,3,33.333332,2,183,google,1,0
0,1,0,1,2,50,1.5,1317,google,1,0
0,1,0,1,5,60,2.6,464,google,1,0
0,1,0,1,22,59.090908,3.090909,2466,google,1,0
0,1,0,1,2,50,1.5,1581,google,1,0
0,1,0,1,1,0,2,604,google,1,0
0,1,0,1,10,90,1.1,1482,google,1,0
0,1,0,1,1,0,2,357,google,2,0
0,1,0,1,16,75,2,464,google,1,0
0,1,0,1,5,80,2,40,google,1,0
0,1,0,1,8,75,1.5,89,google,1,0
0,1,0,1,1,0,3,229,google,1,0
0,1,0,1,1,0,2,107,google,1,0
0,1,0,1,10,70,2.6,62,google,1,0
0,1,0,1,1,0,3,78,google,2,0
0,1,0,1,1,0,5,20,google,1,0
0,1,0,1,1,0,3,116,google,1,0
0,1,0,1,1,0,6,488,google,1,0
0,1,0,1,1,0,3,14,google,3,0
0,1,0,1,1,0,2,365,google,1,0
0,1,0,1,1,0,68,4736,google,1,0
0,1,0,1,1,0,9,868,google,1,0
0,1,0,1,2,50,2.5,1288,google,1,0
0,1,0,1,4,75,1.25,502,google,1,0
0,1,0,1,3,66.666664,1.6666666,2472,google,1,0
0,1,0,1,1,0,14,371,google,1,0
0,1,0,1,1,0,9,48,google,1,0
0,1,0,1,1,0,7,2298,google,1,0
0,1,0,1,3,66.666664,4,1852,google,1,0
0,1,0,1,1,0,2,305,google,1,0
0,1,0,1,1,0,7,42,google,1,0
0,1,0,1,1,0,18,85,google,1,0
0,1,0,1,1,0,2,109,google,1,0
0,1,0,1,2,50,5,397,google,1,0
0,1,0,1,1,0,4,332,google,1,0
0,1,0,1,1,0,2,429,google,1,0
0,1,0,1,1,0,2,1426,google,1,0
0,1,0,1,1,0,10,205,google,1,0
0,1,0,1,2,50,1.5,34,google,2,0
0,1,0,1,4,50,8.25,202,google,1,0
0,1,0,1,2,50,1.5,363,google,1,0
0,1,0,1,1,0,2,1185,google,1,0
0,1,0,1,1,0,3,396,google,1,0
0,1,0,1,1,0,5,46,google,1,0
0,1,0,1,2,0,4.5,1091,google,1,0
0,1,0,1,2,50,1.5,42,google,1,0
0,1,0,1,1,0,2,145,google,1,0
0,1,0,1,1,0,2,648,google,1,0
0,1,0,1,2,50,1.5,238,google,1,0
0,1,0,1,1,0,2,260,google,1,0
0,1,0,1,2,0,2,1407,google,1,0
0,1,0,1,1,0,2,555,google,1,0
0,1,0,1,1,0,28,1278,google,1,0
0,1,0,1,1,0,4,62,google,1,0
0,1,0,1,1,0,3,187,google,1,0
0,1,0,1,1,0,9,38,google,1,0
0,1,0,1,1,0,4,56,google,1,0
0,1,0,1,1,0,5,231,google,1,0
0,1,0,1,1,0,3,32,google,1,0
0,1,0,1,2,50,2.5,1249,google,1,0
0,1,0,1,7,57.142857,1.5714285,2871,google,1,0
0,1,0,1,2,50,1.5,12,google,1,0
0,1,0,1,4,75,1.5,205,google,1,0
0,1,0,1,2,50,4,186,google,1,0
0,1,0,1,1,0,3,12,google,1,0
0,1,0,1,2,50,1.5,14,google,2,0
0,1,0,1,1,0,2,73,google,1,0
0,1,0,1,1,0,2,207,google,1,0
0,1,0,1,1,0,3,56,google,2,0
0,1,0,1,3,66.666664,1.3333334,298,google,1,0
0,1,0,1,1,0,2,35,google,1,0
0,1,0,1,1,0,4,139,google,1,0
0,1,0,1,1,0,2,108,google,2,0
0,1,0,1,1,0,3,525,google,1,0
0,1,0,1,3,66.666664,1.6666666,305,google,1,0
0,1,0,1,1,0,2,1693,google,1,0
0,1,0,1,1,0,15,820,google,1,0
0,1,0,1,1,0,7,175,google,1,0
0,1,0,1,1,0,4,32,google,1,0
0,1,0,1,1,0,3,146,google,1,0
0,1,0,1,1,0,5,56,google,1,0
0,1,0,1,1,0,2,1321,google,1,0
0,1,0,1,1,0,2,431,google,2,0
0,1,0,1,1,0,10,19,google,1,0
0,1,0,1,1,0,10,75,google,1,0
0,1,0,1,1,0,2,240,google,1,0
0,1,0,1,1,0,2,9,google,3,0
0,1,0,1,1,0,2,124,google,1,0
0,1,0,1,1,0,3,161,google,1,0
0,1,0,1,1,0,22,181,google,1,0
0,1,0,1,1,0,2,252,google,2,0
0,1,0,1,2,50,5,435,google,1,0
0,1,0,1,1,0,3,1512,google,1,0
0,1,0,1,2,50,3,188,google,1,0
0,1,0,1,1,0,2,217,google,2,0
0,1,0,1,2,50,1.5,93,google,1,0
0,1,0,1,1,0,4,248,google,1,0
0,1,0,1,1,0,22,108,google,1,0
0,1,0,1,5,80,1.4,864,google,1,0
0,1,0,1,1,0,3,352,google,1,0
0,1,0,0,2,100,1,0,google,16,0
0,1,0,1,1,0,28,539,google,1,0
0,1,0,1,1,0,10,672,google,1,0
0,1,0,1,1,0,3,1,google,1,0
0,1,0,1,1,0,2,150,google,3,0
0,1,0,1,1,0,2,14,google,2,0
0,1,0,1,1,0,6,538,google,1,0
0,1,0,1,2,0,2,53,google,1,0
0,1,0,1,1,0,55,1782,google,1,0
0,1,0,1,1,0,15,226,google,1,0
0,1,0,1,2,50,1.5,1789,google,1,0
0,1,0,1,1,0,2,795,google,1,0
0,1,0,1,1,0,5,36,google,1,0
0,1,0,0,3,100,1,0,google,4,0
0,1,0,1,1,0,4,27,google,1,0
0,1,0,1,1,0,20,265,google,1,0
0,1,0,1,1,0,2,16,google,3,0
0,1,0,1,1,0,2,78,google,1,0
0,1,0,1,1,0,2,39,google,1,0
0,1,0,1,1,0,15,738,google,1,0
0,1,0,1,1,0,42,350,google,1,0
0,1,0,1,3,66.666664,1.6666666,63,google,1,0
0,1,0,1,1,0,7,51,google,1,0
0,1,0,1,1,0,2,49,google,1,0
0,1,0,1,1,0,2,353,google,1,0
0,1,0,1,1,0,2,11,google,2,0
0,1,0,1,2,50,5.5,868,google,1,0
0,1,0,1,1,0,2,20,google,1,0
0,1,0,1,1,0,5,39,google,1,0
0,1,0,1,1,0,5,853,google,1,0
0,1,0,1,1,0,2,164,google,1,0
0,1,0,1,1,0,4,152,google,1,0
0,1,0,1,2,50,1.5,124,google,1,0
0,1,0,1,1,0,2,105,google,1,0
0,1,0,1,1,0,8,2258,google,1,0
0,1,0,1,1,0,20,1540,google,1,0
0,1,0,1,1,0,15,2052,google,1,0
0,1,0,1,1,0,4,4157,google,1,0
0,1,0,1,1,0,2,166,google,1,0
0,1,0,1,1,0,3,1026,google,1,0
0,1,0,1,1,0,3,33,google,1,0
0,1,0,1,1,0,2,910,google,1,0
0,1,0,1,1,0,6,1900,google,1,0
0,1,0,1,1,0,43,1882,google,1,0
0,1,0,1,1,0,2,208,google,1,0
0,1,0,1,1,0,9,1572,google,1,0
0,1,0,1,2,50,3.5,43,google,1,0
0,1,0,1,1,0,11,453,google,1,0
0,1,0,1,1,0,11,149,google,1,0
0,1,0,1,1,0,2,895,google,1,0
0,1,0,1,1,0,6,582,google,1,0
0,1,0,1,1,0,2,159,google,1,0
0,1,0,1,1,0,7,291,google,1,0
0,1,0,1,1,0,16,2479,google,1,0
0,1,0,1,1,0,22,159,google,1,0
0,1,0,1,1,0,2,392,google,1,0
0,1,0,1,2,50,2,432,google,1,0
0,1,0,1,2,50,5,1104,google,1,0
0,1,0,1,2,50,10,2620,google,1,0
0,1,0,1,1,0,2,196,google,1,0
0,1,0,1,1,0,2,972,google,1,0
0,1,0,1,1,0,3,1171,google,1,0
0,1,0,1,1,0,3,579,google,1,0
0,1,0,1,1,0,15,64,google,1,0
0,1,0,1,1,0,5,13,google,1,0
0,1,0,1,1,0,75,89,google,1,0
0,1,0,1,3,33.333332,5.3333335,720,google,1,0
0,1,0,1,1,0,6,328,google,1,0
0,1,0,1,1,0,2,102,google,1,0
0,1,0,1,1,0,8,263,google,1,0
0,1,0,1,1,0,4,179,google,1,0
0,1,0,1,1,0,2,1263,google,1,0
0,1,0,1,1,0,3,133,google,1,0
0,1,0,1,1,0,3,169,google,1,0
0,1,0,1,1,0,3,43,google,1,0
0,1,0,1,1,0,2,81,google,1,0
0,1,0,1,2,50,8,169,google,1,0
0,1,0,1,1,0,9,101,google,1,0
0,1,0,1,1,0,3,1159,google,1,0
0,1,0,1,1,0,2,324,google,1,0
0,1,0,1,1,0,2,822,google,1,0
0,1,0,1,1,0,8,1699,google,1,0
0,1,0,1,1,0,2,489,google,1,0
0,1,0,1,1,0,2,146,google,2,0
0,1,0,1,3,33.333332,1.6666666,93,google,1,0
0,1,0,1,1,0,4,10,google,1,0
0,1,0,1,1,0,3,279,google,1,0
0,1,0,1,1,0,3,4,google,1,0
0,1,0,1,1,0,3,102,google,1,0
0,1,0,1,1,0,2,1605,google,1,0
0,1,0,1,3,33.333332,5.6666665,1146,google,1,0
0,1,0,1,1,0,3,104,google,1,0
0,1,0,1,1,0,3,134,google,1,0
0,1,0,1,1,0,5,22,google,1,0
0,1,0,1,1,0,6,72,google,1,0
0,1,0,1,3,33.333332,1.6666666,123,google,1,0
0,1,0,1,7,85.71429,1.5714285,3,google,1,0
0,1,0,1,10,60,1.7,747,google,1,0
0,1,0,1,4,25,2.25,612,google,1,0
0,1,0,1,1,0,5,742,google,1,0
0,1,0,1,5,80,1.2,1548,google,1,0
0,1,0,1,2,0,2.5,1685,google,1,0
0,1,0,1,7,57.142857,1.7142857,277,google,1,0
0,1,0,1,1,0,2,902,google,1,0
0,1,0,1,1,0,3,154,google,1,0
0,1,0,1,1,0,2,84,google,1,0
0,1,0,1,1,0,3,1323,google,1,0
0,1,0,1,1,0,3,975,google,2,0
0,1,0,1,1,0,10,293,google,1,0
0,1,0,1,1,0,2,63,google,1,0
0,1,0,1,1,0,3,1105,google,1,0
0,1,0,1,1,0,5,323,google,1,0
0,1,0,1,1,0,3,21,google,1,0
0,1,0,1,1,0,5,313,google,1,0
0,1,0,1,1,0,3,1302,google,1,0
0,1,0,1,1,0,6,171,google,1,0
0,1,0,1,1,0,3,149,google,1,0
0,1,0,1,7,71.42857,1.2857143,603,google,1,0
0,1,0,1,2,50,1.5,107,google,1,0
0,1,0,1,1,0,3,1276,google,1,0
0,1,0,1,1,0,6,254,google,1,0
0,1,0,1,2,50,1.5,248,google,1,0
0,1,0,1,4,50,1.75,450,google,1,0
0,1,0,1,1,0,3,376,google,1,0
0,1,0,1,1,0,2,1295,google,1,0
0,1,0,1,2,50,1.5,516,google,1,0
0,1,0,1,6,50,1.6666666,109,google,1,0
0,1,0,1,1,0,6,67,google,1,0
0,1,0,1,1,0,3,523,google,1,0
0,1,0,1,2,0,2,636,google,1,0
0,1,0,1,1,0,2,100,google,1,0
0,1,0,1,7,85.71429,1.5714285,193,google,1,0
0,1,0,1,5,40,12,2029,google,1,0
0,1,0,1,1,0,2,211,google,1,0
0,1,0,1,4,75,1.75,227,google,1,0
0,1,0,1,2,50,3,1156,google,1,0
0,1,0,1,4,50,2,437,google,1,0
0,1,0,1,1,0,3,199,google,1,0
0,1,0,1,1,0,2,456,google,1,0
0,1,0,1,1,0,5,696,google,1,0
0,1,0,1,1,0,4,1243,google,1,0
0,1,0,1,1,0,3,54,google,2,0
0,1,0,1,1,0,2,492,google,1,0
0,1,0,1,1,0,4,86,google,1,0
0,1,0,1,1,0,3,82,google,1,0
0,1,0,1,1,0,49,100,google,1,0
0,1,0,1,1,0,5,197,google,1,0
0,1,0,1,2,0,4.5,264,google,1,0
0,1,0,1,3,66.666664,1.3333334,44,google,1,0
0,1,0,1,1,0,2,813,google,1,0
0,1,0,1,1,0,3,446,google,1,0
0,1,1,1,1,0,11,1379,google.at,1,0
0,1,1,1,1,100,1,0,google.co.nz,1,0
0,1,1,1,1,100,1,0,google.co.th,2,0
0,1,1,1,1,100,1,0,google.com.ph,1,0
0,1,1,1,1,100,1,0,google.com.ua,1,0
0,1,1,1,1,100,1,0,google.com,7,0
0,1,1,1,1,0,2,2,google.de,3,0
0,1,1,1,3,66.666664,2,125,google.de,1,0
0,1,1,1,13,69.23077,1.3076923,120,google.de,1,0
0,1,1,1,1,100,1,0,google.de,111,0
0,1,1,1,2,100,1,0,google.de,12,0
0,1,1,1,4,50,1.5,51,google.de,1,0
0,1,1,1,1,0,2,18,google.de,3,0
0,1,1,1,1,0,2,34,google.de,1,0
0,1,1,1,2,50,2.5,76,google.de,1,0
0,1,1,1,1,0,2,20,google.de,1,0
0,1,1,1,1,0,2,5,google.de,2,0
0,1,1,1,3,66.666664,1.3333334,11,google.de,1,0
0,1,1,1,1,0,2,107,google.de,1,0
0,1,1,1,1,0,2,4,google.de,1,0
0,1,1,1,1,0,2,9,google.de,4,0
0,1,1,1,38,76.31579,1.3157895,307,google.de,1,0
0,1,1,1,1,0,2,11,google.de,2,0
0,1,1,1,1,0,2,317,google.de,1,0
0,1,1,1,1,0,4,205,google.de,1,0
0,1,1,1,1,0,2,6,google.de,3,0
0,1,1,1,1,0,3,27,google.de,2,0
0,1,1,1,1,0,2,1,google.de,2,0
0,1,1,1,1,0,4,95,google.de,1,0
0,1,1,1,1,0,2,3,google.de,1,0
0,1,1,1,3,66.666664,1.3333334,46,google.de,1,0
0,1,1,1,1,0,2,12,google.de,2,0
0,1,1,1,2,50,1.5,67,google.de,1,0
0,1,1,1,4,50,2,58,google.de,1,0
0,1,1,1,1,0,3,39,google.de,1,0
0,1,1,1,1,0,15,630,google.de,1,0
0,1,1,1,2,50,1.5,380,google.de,1,0
0,1,1,1,1,0,3,164,google.de,1,0
0,1,1,1,2,0,3.5,320,google.de,1,0
0,1,1,1,2,50,1.5,687,google.de,1,0
0,1,1,1,1,0,3,770,google.de,1,0
0,1,1,1,1,0,2,14,google.de,2,0
0,1,1,1,2,50,1.5,221,google.de,1,0
0,1,1,1,1,0,3,94,google.de,1,0
0,1,1,1,1,0,6,303,google.de,1,0
0,1,1,1,1,0,2,10,google.de,2,0
0,1,1,1,1,0,2,31,google.de,1,0
0,1,1,1,1,0,2,19,google.de,1,0
0,1,1,1,1,0,2,640,google.de,1,0
0,1,1,1,1,0,3,30,google.de,1,0
0,1,1,1,1,0,2,8,google.de,3,0
0,1,1,1,2,50,1.5,101,google.de,1,0
0,1,1,1,1,0,2,15,google.de,2,0
0,1,1,1,2,50,1.5,4,google.de,1,0
0,1,1,1,12,75,1.25,59,google.de,1,0
0,1,1,1,1,0,2,33,google.de,1,0
0,1,1,1,4,100,1,0,google.de,1,0
0,1,1,1,1,0,4,75,google.de,1,0
0,1,1,1,6,66.666664,1.3333334,22,google.de,1,0
0,1,1,1,3,100,1,0,google.de,3,0
0,1,1,1,2,50,1.5,60,google.de,1,0
0,1,1,1,3,33.333332,1.6666666,23,google.de,1,0
0,1,1,1,2,50,1.5,10,google.de,1,0
0,1,1,1,31,80.645164,1.3225807,785,google.de,1,0
0,1,1,1,3,66.666664,1.3333334,18,google.de,1,0
0,1,1,1,1,0,3,500,google.de,1,0
0,1,1,1,1,0,2,64,google.de,1,0
0,1,1,1,1,0,5,50,google.de,1,0
0,1,1,1,1,0,2,88,google.de,1,0
0,1,1,0,1,100,1,0,google.de,1,0
0,1,1,1,1,0,13,276,google.de,1,0
0,1,1,1,1,0,2,655,google.de,1,0
0,1,1,1,1,0,4,190,google.de,1,0
0,1,1,1,1,0,2,86,google.de,1,0
0,1,1,1,10,50,2.1,1005,google.de,1,0
0,1,1,1,1,0,4,198,google.de,1,0
0,1,1,1,1,0,5,433,google.de,1,0
0,1,1,1,1,0,2,42,google.de,1,0
0,1,1,1,3,66.666664,1.3333334,55,google.de,1,0
0,1,1,1,1,0,2,35,google.de,1,0
0,1,1,1,3,33.333332,2,78,google.de,1,0
0,1,1,1,1,0,2,7,google.de,1,0
0,1,1,1,1,0,2,16,google.de,1,0
0,1,1,1,1,0,2,68,google.de,1,0
0,1,1,1,1,0,2,21,google.de,1,0
0,1,1,1,1,0,2,1337,google.de,1,0
0,1,1,1,1,0,2,38,google.de,1,0
0,1,1,1,4,75,1.25,192,google.de,1,0
0,1,1,1,1,0,2,1561,google.de,1,0
0,1,1,1,1,0,2,32,google.de,1,0
0,1,1,1,4,50,1.75,69,google.de,1,0
0,1,1,1,1,0,3,166,google.de,1,0
0,1,1,1,2,50,1.5,476,google.de,1,0
0,1,1,1,1,0,2,30,google.de,1,0
0,1,1,1,4,50,2,2618,google.de,1,0
0,1,1,1,1,0,3,21,google.de,1,0
0,1,1,1,1,100,1,0,google.es,1,0
0,1,1,1,1,0,2,205,google.es,1,0
0,1,1,1,1,100,1,0,google.fr,1,0
0,1,1,1,1,0,2,18,google.fr,1,0
0,1,1,0,1,100,1,0,google.it,1,0
0,1,1,1,1,0,2,158,google.pl,1,0
0,1,1,1,1,0,3,171,googleweblight.com,1,0
0,1,1,0,1,100,1,0,hongfanji.com,1,1
0,1,1,0,1,100,1,0,hub.docker.com,5,0
0,1,1,0,1,0,16,161,hub.docker.com,1,0
0,1,1,0,1,0,5,4,hub.docker.com,1,0
0,1,1,1,1,0,3,87,ibks12vm175:13863,1,0
0,1,0,1,1,0,2,14,images.google,1,0
0,1,0,1,1,100,1,0,images.google,50,0
0,1,0,1,6,66.666664,3.1666667,141,images.google,1,0
0,1,0,1,1,0,2,12,images.google,1,0
0,1,0,1,2,50,1.5,13,images.google,1,0
0,1,0,1,1,0,2,64,images.google,1,0
0,1,0,1,1,0,2,21,images.google,2,0
0,1,0,1,2,0,2,35,images.google,1,0
0,1,0,1,1,0,2,8,images.google,1,0
0,1,0,1,1,0,2,24,images.google,1,0
0,1,0,1,1,0,3,10,images.google,1,0
0,1,0,1,7,57.142857,3.142857,364,images.google,1,0
0,1,0,1,2,100,1,0,images.google,2,0
0,1,0,1,2,50,1.5,69,images.google,1,0
0,1,0,1,1,0,3,74,images.google,1,0
0,1,1,1,1,100,1,0,images.google.de,255,0
0,1,1,1,3,66.666664,1.3333334,17,images.google.de,1,0
0,1,1,1,7,85.71429,1.1428572,5,images.google.de,1,0
0,1,1,1,12,66.666664,1.5,130,images.google.de,1,0
0,1,1,1,2,100,1,0,images.google.de,20,0
0,1,1,1,5,80,1.2,209,images.google.de,1,0
0,1,1,1,1,0,2,15,images.google.de,3,0
0,1,1,1,5,60,2.6,498,images.google.de,1,0
0,1,1,1,3,66.666664,1.6666666,369,images.google.de,1,0
0,1,1,1,6,33.333332,1.6666666,973,images.google.de,1,0
0,1,1,1,3,100,1,0,images.google.de,9,0
0,1,1,1,1,0,2,3,images.google.de,6,0
0,1,1,1,1,0,2,199,images.google.de,1,0
0,1,1,1,1,0,2,11,images.google.de,4,0
0,1,1,1,1,0,2,22,images.google.de,2,0
0,1,1,1,2,50,1.5,6,images.google.de,1,0
0,1,1,1,1,0,8,237,images.google.de,1,0
0,1,1,1,5,60,1.4,17,images.google.de,1,0
0,1,1,1,1,0,2,24,images.google.de,2,0
0,1,1,1,4,50,1.5,174,images.google.de,1,0
0,1,1,1,1,0,2,209,images.google.de,1,0
0,1,1,1,88,62.5,2.4886363,7989,images.google.de,1,0
0,1,1,1,3,66.666664,1.6666666,24,images.google.de,1,0
0,1,1,1,12,58.333332,1.6666666,602,images.google.de,1,0
0,1,1,1,1,0,2,399,images.google.de,1,0
0,1,1,1,1,0,2,33,images.google.de,1,0
0,1,1,1,1,0,5,446,images.google.de,1,0
0,1,1,1,1,0,4,329,images.google.de,1,0
0,1,1,1,1,0,4,40,images.google.de,1,0
0,1,1,1,1,0,2,787,images.google.de,1,0
0,1,1,1,1,0,5,1518,images.google.de,1,0
0,1,1,1,1,0,3,95,images.google.de,2,0
0,1,1,1,1,0,2,143,images.google.de,1,0
0,1,1,1,1,0,2,265,images.google.de,1,0
0,1,1,1,1,0,3,14,images.google.de,1,0
0,1,1,1,2,50,2,30,images.google.de,1,0
0,1,1,1,17,41.17647,4.1764708,3524,images.google.de,1,0
0,1,1,1,1,0,2,13,images.google.de,3,0
0,1,1,1,1,0,3,942,images.google.de,1,0
0,1,1,1,1,0,2,27,images.google.de,1,0
0,1,1,1,2,50,1.5,29,images.google.de,1,0
0,1,1,1,1,0,2,1737,images.google.de,1,0
0,1,1,1,1,0,2,9,images.google.de,3,0
0,1,1,1,3,0,2.3333333,108,images.google.de,1,0
0,1,1,1,5,40,1.6,249,images.google.de,1,0
0,1,1,1,8,100,1,0,images.google.de,1,0
0,1,1,1,2,50,1.5,14,images.google.de,1,0
0,1,1,1,1,0,2,380,images.google.de,1,0
0,1,1,1,1,0,2,25,images.google.de,3,0
0,1,1,1,1,0,2,29,images.google.de,1,0
0,1,1,1,1,0,3,60,images.google.de,1,0
0,1,1,1,1,0,3,1385,images.google.de,1,0
0,1,1,1,1,0,17,76,images.google.de,1,0
0,1,1,1,1,0,2,14,images.google.de,3,0
0,1,1,1,1,0,17,2,images.google.de,1,0
0,1,1,1,1,0,2,54,images.google.de,1,0
0,1,1,1,1,0,3,1413,images.google.de,1,0
0,1,1,1,1,0,3,12,images.google.de,1,0
0,1,1,1,1,0,2,5,images.google.de,6,0
0,1,1,1,1,0,2,20,images.google.de,2,0
0,1,1,1,4,25,2.25,1656,images.google.de,1,0
0,1,1,1,1,0,2,128,images.google.de,1,0
0,1,1,1,2,0,2,20,images.google.de,1,0
0,1,1,1,10,70,1.5,327,images.google.de,1,0
0,1,1,1,1,0,2,28,images.google.de,1,0
0,1,1,1,1,0,2,7,images.google.de,4,0
0,1,1,1,2,50,1.5,1,images.google.de,1,0
0,1,1,1,2,50,1.5,75,images.google.de,1,0
0,1,1,1,1,0,2,76,images.google.de,2,0
0,1,1,1,1,0,2,941,images.google.de,1,0
0,1,1,1,1,0,3,15,images.google.de,1,0
0,1,1,1,1,0,4,998,images.google.de,1,0
0,1,1,1,1,0,2,21,images.google.de,1,0
0,1,1,1,1,0,2,8,images.google.de,5,0
0,1,1,1,2,50,2,16,images.google.de,1,0
0,1,1,1,1,0,2,10,images.google.de,7,0
0,1,1,1,1,0,2,49,images.google.de,1,0
0,1,1,1,1,0,3,103,images.google.de,1,0
0,1,1,1,3,66.666664,1.3333334,10,images.google.de,1,0
0,1,1,1,1,0,3,105,images.google.de,1,0
0,1,1,1,1,0,2,317,images.google.de,1,0
0,1,1,1,1,0,2,12,images.google.de,1,0
0,1,1,1,2,50,1.5,1333,images.google.de,1,0
0,1,1,1,5,60,1.4,7,images.google.de,1,0
0,1,1,1,4,75,1.5,89,images.google.de,1,0
0,1,1,1,14,64.28571,1.5,651,images.google.de,1,0
0,1,1,1,19,63.157894,1.7894737,723,images.google.de,1,0
0,1,1,1,3,66.666664,1.3333334,15,images.google.de,1,0
0,1,1,1,3,33.333332,3,91,images.google.de,1,0
0,1,1,1,3,33.333332,1.6666666,358,images.google.de,1,0
0,1,1,1,10,40,2.1,1282,images.google.de,1,0
0,1,1,1,5,80,1.2,24,images.google.de,1,0
0,1,1,1,5,60,1.4,143,images.google.de,1,0
0,1,1,1,1,0,2,71,images.google.de,1,0
0,1,1,1,3,66.666664,1.3333334,4,images.google.de,2,0
0,1,1,1,3,33.333332,1.6666666,103,images.google.de,1,0
0,1,1,1,2,50,1.5,10,images.google.de,1,0
0,1,1,1,1,0,3,649,images.google.de,1,0
0,1,1,1,1,0,3,26,images.google.de,1,0
0,1,1,1,2,50,1.5,875,images.google.de,1,0
0,1,1,1,4,100,1,0,images.google.de,5,0
0,1,1,1,6,66.666664,1.3333334,17,images.google.de,1,0
0,1,1,1,111,71.17117,1.6126126,5972,images.google.de,1,0
0,1,1,1,8,62.5,1.375,31,images.google.de,1,0
0,1,1,1,2,0,2.5,41,images.google.de,1,0
0,1,1,1,5,100,1,0,images.google.de,2,0
0,1,1,1,1,0,6,274,images.google.de,1,0
0,1,1,1,1,0,2,330,images.google.de,1,0
0,1,1,1,1,0,2,16,images.google.de,1,0
0,1,1,1,1,0,2,81,images.google.de,1,0
0,1,1,1,8,75,5.25,468,images.google.de,1,0
0,1,1,1,1,0,2,64,images.google.de,2,0
0,1,1,1,2,50,1.5,33,images.google.de,1,0
0,1,1,1,9,66.666664,1.6666666,1107,images.google.de,1,0
0,1,1,1,3,66.666664,1.3333334,2,images.google.de,1,0
0,1,1,1,1,0,3,190,images.google.de,1,0
0,1,1,1,1,0,2,50,images.google.de,1,0
0,1,1,1,1,0,2,32,images.google.de,1,0
0,1,1,1,1,0,3,291,images.google.de,1,0
0,1,1,1,2,50,9,928,images.google.de,1,0
0,1,1,1,2,50,2,283,images.google.de,1,0
0,1,1,1,6,50,4.3333335,195,images.google.de,1,0
0,1,1,1,2,50,1.5,24,images.google.de,1,0
0,1,1,1,9,33.333332,8.222222,2549,images.google.de,1,0
0,1,1,1,1,0,4,119,images.google.de,1,0
0,1,1,1,1,0,2,6,images.google.de,1,0
0,1,1,1,1,0,2,2,images.google.de,1,0
0,1,1,1,1,0,8,2510,images.google.de,1,0
0,1,1,1,1,0,4,141,images.google.de,1,0
0,1,1,1,2,50,1.5,23,images.google.de,1,0
0,1,1,1,8,37.5,3,258,images.google.de,1,0
0,1,1,1,1,0,2,19,images.google.de,1,0
0,1,1,1,2,50,1.5,210,images.google.de,1,0
0,1,1,1,2,50,2.5,31,images.google.de,1,0
0,1,1,1,6,83.333336,1.1666666,66,images.google.de,1,0
0,1,1,1,3,66.666664,1.3333334,306,images.google.de,1,0
0,1,1,1,3,66.666664,1.3333334,3,images.google.de,1,0
0,1,1,1,2,0,4,179,images.google.de,1,0
0,1,1,1,26,50,2.6923077,2433,images.google.de,1,0
0,1,1,1,3,66.666664,1.3333334,29,images.google.de,1,0
0,1,1,1,1,0,3,28,images.google.de,1,0
0,1,1,1,1,0,3,43,images.google.de,1,0
0,1,1,1,5,80,1.2,98,images.google.de,1,0
0,1,1,1,13,61.53846,2.7692308,1016,images.google.de,1,0
0,1,1,1,2,50,1.5,21,images.google.de,1,0
0,1,1,1,1,0,4,95,images.google.de,1,0
0,1,1,1,1,0,14,81,images.google.de,1,0
0,1,1,1,3,0,3.3333333,764,images.google.de,1,0
0,1,1,1,2,0,2,908,images.google.de,1,0
0,1,1,1,1,100,1,0,images.google.fr,8,0
0,1,1,1,1,0,2,240,images.google.fr,1,0
0,1,1,0,1,100,1,0,imagine.magento.com,1,0
0,1,1,1,1,100,1,0,jazz07.rchland.ibm.com:21443,1,0
0,1,1,1,1,0,7,883,jira.aviovision.com,1,0
0,1,1,0,1,100,1,0,justprofit.xyz,2,1
0,1,1,0,1,100,1,0,keywords-monitoring-success.com,3,1
0,1,1,0,1,100,1,0,keywords-monitoring-your-success.com,31,1
0,1,1,0,3,100,1,0,keywords-monitoring-your-success.com,3,1
0,1,1,0,1,100,1,0,l.facebook.com,1,0
0,1,1,0,9,100,1,0,law-enforcement-bot-cc.xyz,1,1
0,1,1,0,1,100,1,0,law-enforcement-bot-cc.xyz,20,1
0,1,0,1,1,100,1,0,linkedin.com,3,0
0,1,1,1,1,100,1,0,linkvehicle.pitchbox.com,1,0
0,1,1,1,1,100,1,0,lnkd.in,2,0
0,1,1,1,2,100,1,0,lnkd.in,1,0
0,1,1,1,1,100,1,0,m.cafe.naver.com,1,0
0,1,1,0,1,0,16,266,magento-stammtisch.de,1,0
0,1,1,1,1,100,1,0,mail.google.com,2,0
0,1,1,1,1,0,2,314,mail.google.com,1,0
0,1,1,1,1,100,1,0,mail.one.com,1,0
0,1,1,0,1,100,1,0,markusgreuel.net,2,0
0,1,1,0,1,0,4,60,markusgreuel.net,1,0
0,1,1,0,1,100,1,0,monetizationking.net,29,1
0,1,1,0,2,100,1,0,monetizationking.net,4,1
0,1,1,0,3,100,1,0,monetizationking.net,3,1
0,1,1,0,1,0,2,29,monetizationking.net,1,1
0,1,0,1,1,100,1,0,naver,2,0
0,1,1,0,1,100,1,0,new-look.for-your.website,1,1
0,1,1,1,1,100,1,0,obrazky.cz,1,0
0,1,1,1,1,0,2,39,qwant.com,1,0
0,1,1,1,1,100,1,0,qwant.com,1,0
0,1,1,0,1,100,1,0,rank-checker.online,178,1
0,1,1,0,2,100,1,0,rank-checker.online,58,1
0,1,1,0,3,100,1,0,rank-checker.online,24,1
0,1,1,0,17,94.117645,1.0588236,1154,rank-checker.online,1,1
0,1,1,0,5,100,1,0,rank-checker.online,14,1
0,1,1,0,3,66.666664,167.33333,722,rank-checker.online,1,1
0,1,1,0,2,100,1,0,rankings-analytics.com,3,1
0,1,1,0,1,100,1,0,rankings-analytics.com,7,1
0,1,1,1,1,100,1,0,s13-eu4.startpage.com,1,0
0,1,1,1,1,0,4,283,s5-eu1.startpage.com,1,0
0,1,1,1,1,100,1,0,search.disconnect.me,3,0
0,1,1,1,1,100,1,0,search.tb.ask.com,1,0
0,1,1,1,1,100,1,0,search.zum.com,1,1
0,1,1,0,1,100,1,0,semaltmedia.com,2,1
0,1,1,1,7,100,1,0,share-buttons.xyz,1,1
0,1,1,1,1,100,1,0,share-buttons.xyz,102,1
0,1,1,1,2,100,1,0,share-buttons.xyz,5,1
0,1,1,1,1,100,1,0,site-578578-1.snip.tw,12,1
0,1,1,0,6,100,1,0,social-traffic-6.xyz,1,1
0,1,1,0,1,100,1,0,social-traffic-6.xyz,23,1
0,1,1,1,1,100,1,0,stackoverflow.com,2,0
0,1,1,0,1,0,9,50,stackoverflow.com,1,0
0,1,1,0,1,100,1,0,stackoverflow.com,1,0
0,1,1,1,1,0,2,43,startpage.com,1,0
0,1,1,1,1,100,1,0,startpage.com,13,0
0,1,1,0,1,100,1,0,success-seo.com,8,1
0,1,1,0,2,100,1,0,success-seo.com,1,1
0,1,1,1,1,100,1,0,suche.t-online.de,2,0
0,1,1,1,1,100,1,0,swisscows.ch,1,0
0,1,1,1,1,100,1,0,t.co,28,0
0,1,1,1,1,0,2,34,t.co,1,0
0,1,1,1,2,100,1,0,t.co,2,0
0,1,1,0,1,0,7,428,t.co,1,0
0,1,1,0,1,0,2,9,t.co,1,0
0,1,1,0,1,100,1,0,t.co,22,0
0,1,1,0,1,0,2,7,t.co,1,0
0,1,1,0,1,0,2,18,t.co,1,0
0,1,1,1,1,0,7,113,t.co,1,0
0,1,1,0,4,100,1,0,topseoservices.co,1,1
0,1,1,1,7,100,1,0,traffic2cash.xyz,1,1
0,1,1,1,1,100,1,0,traffic2cash.xyz,157,1
0,1,1,0,1,100,1,0,trafficgenius.xyz,1,1
0,1,1,0,1,0,4,43,twitter.com,1,0
0,1,1,0,1,100,1,0,uptime.com,68,1
0,1,1,0,2,100,1,0,uptime.com,3,1
0,1,1,0,1,100,1,0,urlopener.com,1,0
0,1,1,0,1,100,1,0,video--production.com,1,1
0,1,1,0,1,100,1,0,videos-for-your-business.com,3,1
0,1,1,1,5,100,1,0,web-revenue.xyz,1,1
0,1,1,1,1,100,1,0,web-revenue.xyz,35,1
0,1,1,1,1,0,3,136,xing.com,1,0
0,1,1,1,1,100,1,0,xing.com,3,0
0,1,1,0,1,0,2,21,xing.com,1,0
0,1,0,1,1,0,2,0,yahoo,1,0
0,1,0,1,2,100,1,0,yahoo,1,0
0,1,0,1,1,100,1,0,yahoo,8,0
0,1,0,1,1,0,2,117,yahoo,1,0
0,1,0,1,1,0,2,35,yahoo,1,0
0,1,0,1,1,100,1,0,yandex,2,0
0,1,1,0,1,0,3,72,youtube.com,1,0
0,1,1,1,1,0,4,18,youtube.com,1,0
0,1,1,1,1,100,1,0,youtube.com,5,0
0,1,1,1,1,0,3,62,youtube.com,1,0
0,1,1,1,1,0,2,15,youtube.com,1,0
0,1,1,1,1,0,13,989,youtube.com,1,0
0,1,1,1,1,0,3,107,youtube.com,1,0
0,1,1,1,1,0,2,100,youtube.com,1,0
0,0,0,0,22,40.909092,2,1051,(direct),1,0
0,0,0,1,1,0,4,103,(direct),1,0
0,0,0,1,1,0,2,283,(direct),1,0
0,0,0,1,15,80,1.4666667,2829,(direct),1,0
0,0,0,1,1,0,6,786,(direct),1,0
0,0,0,1,1,0,26,17,(direct),1,0
0,0,0,0,1,0,10,138,(direct),1,0
0,0,0,1,1,0,7,251,(direct),1,0
0,0,0,1,5,20,14,2277,(direct),1,0
0,0,0,1,1,0,5,180,(direct),1,0
0,0,0,1,1,0,2,101,(direct),1,0
0,0,0,1,1,0,2,1467,(direct),1,0
0,0,0,0,9,66.666664,1.8888888,67,(direct),1,0
0,0,0,0,2,0,4,95,(direct),1,0
0,0,0,1,3,0,41,6201,(direct),1,0
0,0,0,1,3,33.333332,9.666667,1672,(direct),1,0
0,0,0,1,1,0,2,278,(direct),1,0
0,0,0,1,6,33.333332,3.1666667,409,(direct),1,0
0,0,0,1,2,50,1.5,20,(direct),1,0
0,0,0,1,5,40,2.4,1314,(direct),1,0
0,0,0,0,4,75,1.75,27,(direct),1,0
0,0,0,1,1,0,2,25,(direct),1,0
0,0,0,1,2,50,1.5,12,(direct),1,0
0,0,0,1,1,0,2,184,(direct),1,0
0,0,0,0,2,0,3,81,(direct),1,0
0,0,0,0,6,83.333336,1.5,434,(direct),1,0
0,0,0,1,2,50,2.5,845,(direct),1,0
0,0,0,1,1,0,8,1920,(direct),1,0
0,0,0,1,4,75,1.25,171,(direct),1,0
0,0,0,1,1,0,2,1525,(direct),1,0
0,0,0,1,3,33.333332,2.3333333,64,(direct),1,0
0,0,0,1,8,25,3,1580,(direct),1,0
0,0,0,1,1,0,3,437,(direct),1,0
0,0,0,0,3,33.333332,2.6666667,33,(direct),1,0
0,0,0,0,1,0,17,562,(direct),1,0
0,0,0,1,1,0,6,590,(direct),1,0
0,0,0,1,2,50,2,1311,(direct),1,0
0,0,0,1,5,100,1,0,(direct),1,0
0,1,1,0,14,14.285714,6.071429,4313,0.0.0.0:33003,1,0
0,1,1,1,1,100,1,0,0.0.0.0:33003,1,0
0,1,1,0,2,100,1,0,ak7.io,1,0
0,1,1,1,1,100,1,0,ak7.io,1,0
0,1,1,1,1,0,2,14,ak7.io,1,0
0,1,1,0,1,100,1,0,alibestsale.com,6,1
0,1,1,0,1,0,13,172,allmark.io,1,0
0,1,1,0,3,0,8,2955,allmark.io,1,0
0,1,1,0,4,25,2.25,1200,allmark.io,1,0
0,1,1,0,1,0,10,388,allmark.io,1,0
0,1,1,1,1,0,2,6,allmark.io,1,0
0,1,1,0,1,0,5,290,allmark.io,1,0
0,1,1,0,1,0,2,4,allmark.io,1,0
0,1,1,0,2,0,2.5,1217,allmark.io,1,0
0,1,1,1,1,0,10,1609,app.asana.com,1,0
0,1,1,1,1,0,2,64,besnard-mobi.socialcast.com,1,0
0,1,1,0,1,0,7,270,bitbucket.org,1,0
0,1,1,0,1,100,1,0,claim578578.copyrightclaims.org,2,1
0,1,1,0,4,0,5,434,delicious.com,1,0
0,1,1,1,1,0,2,343,delicious.com,1,0
0,1,1,1,3,66.666664,1.6666666,32,demo.generia.de,1,0
0,1,1,1,3,33.333332,3,300,dub114.mail.live.com,1,0
0,1,1,1,1,100,1,0,facebook.com,1,0
0,1,1,0,2,50,3.5,50,feedly.com,1,0
0,1,1,0,1,0,11,92,feedly.com,1,0
0,1,1,1,1,100,1,0,feedly.com,4,0
0,1,1,1,1,0,4,433,feedly.com,1,0
0,1,1,0,5,0,4.2,85,feedly.com,1,0
0,1,1,0,2,0,11.5,1781,feedly.com,1,0
0,1,1,0,3,0,2,353,ghostvisitor.com,1,1
0,1,1,0,2,0,2.5,22,github.com,1,0
0,1,1,0,1,0,7,40,github.com,1,0
0,1,1,0,3,0,3.6666667,1011,github.com,1,0
0,1,1,1,1,0,4,1047,github.com,1,0
0,1,1,1,1,0,5,51,github.com,1,0
0,1,1,1,1,0,2,55,github.com,1,0
0,1,1,0,2,50,4,287,github.com,1,0
0,1,1,0,1,0,4,160,github.com,1,0
0,1,1,0,2,50,2,117,github.com,1,0
0,1,1,0,2,50,1.5,674,github.com,1,0
0,1,1,0,3,66.666664,1.3333334,100,github.com,1,0
0,1,1,0,1,0,29,1146,github.com,1,0
0,1,1,0,1,0,6,63,github.com,1,0
0,1,1,0,2,0,2,519,github.com,1,0
0,1,1,0,2,50,3,56,github.com,1,0
0,1,1,0,1,0,3,1071,github.com,1,0
0,1,1,0,1,0,7,111,github.com,1,0
0,1,1,1,2,0,3.5,1538,github.com,1,0
0,1,1,1,4,50,5.5,4178,github.com,1,0
0,1,1,1,1,0,2,414,github.com,1,0
0,1,1,0,1,0,11,273,github.com,1,0
0,1,1,1,2,100,1,0,github.com,1,0
0,1,1,0,8,12.5,6.375,1114,github.com,1,0
0,1,1,0,1,0,2,43,github.com,1,0
0,1,1,1,1,0,3,9,github.com,1,0
0,1,1,1,3,66.666664,1.6666666,5,github.com,1,0
0,1,1,1,3,33.333332,2.3333333,1164,github.com,1,0
0,1,1,1,2,50,1.5,419,github.com,1,0
0,1,1,1,5,60,2.2,2060,github.com,1,0
0,1,1,1,4,75,1.5,1956,github.com,1,0
0,1,0,0,24,20.833334,11.208333,7768,google,1,0
0,1,0,1,28,67.85714,3.142857,6726,google,1,0
0,1,0,1,1,0,2,1451,google,1,0
0,1,0,1,16,93.75,1.125,1119,google,1,0
0,1,0,1,8,87.5,1.125,105,google,1,0
0,1,0,1,11,100,1,0,google,1,0
0,1,0,1,2,50,1.5,1,google,1,0
0,1,0,1,1,0,3,1607,google,1,0
0,1,0,0,1,0,5,393,google,1,0
0,1,0,1,2,0,2,165,google,1,0
0,1,0,1,2,50,1.5,228,google,1,0
0,1,0,1,3,66.666664,1.3333334,1,google,1,0
0,1,0,1,12,91.666664,1.0833334,1068,google,1,0
0,1,0,0,1,0,3,757,google,1,0
0,1,0,1,1,0,8,3,google,1,0
0,1,0,1,3,66.666664,1.3333334,1350,google,1,0
0,1,0,1,3,33.333332,3,125,google,1,0
0,1,0,1,1,0,9,133,google,1,0
0,1,0,1,1,0,3,38,google,1,0
0,1,0,1,5,80,1.2,16,google,1,0
0,1,0,1,2,50,1.5,878,google,1,0
0,1,0,1,1,0,2,1386,google,1,0
0,1,0,1,4,0,2,40,google,1,0
0,1,0,1,1,0,7,439,google,1,0
0,1,0,1,3,66.666664,1.3333334,146,google,1,0
0,1,0,1,2,50,4,364,google,1,0
0,1,0,1,2,50,1.5,5,google,1,0
0,1,0,1,1,0,2,1665,google,1,0
0,1,0,1,26,92.30769,1.0769231,1571,google,1,0
0,1,0,1,3,33.333332,8.666667,289,google,1,0
0,1,0,1,1,0,2,188,google,1,0
0,1,0,1,1,0,2,42,google,2,0
0,1,0,1,5,80,1.2,372,google,1,0
0,1,0,1,1,0,5,151,google,1,0
0,1,0,1,3,66.666664,1.3333334,35,google,1,0
0,1,0,1,3,33.333332,52.666668,4766,google,1,0
0,1,0,1,1,0,2,652,google,1,0
0,1,0,1,1,0,6,17,google,1,0
0,1,0,1,3,66.666664,1.3333334,0,google,2,0
0,1,0,1,2,50,1.5,346,google,1,0
0,1,0,1,9,100,1,0,google,2,0
0,1,0,1,4,75,1.25,163,google,1,0
0,1,0,1,4,75,2.25,520,google,1,0
0,1,0,1,5,60,1.6,374,google,1,0
0,1,0,1,1,0,7,323,google,1,0
0,1,0,1,4,75,1.25,670,google,1,0
0,1,0,1,2,50,2,1633,google,1,0
0,1,0,1,1,0,3,77,google,1,0
0,1,0,1,1,0,3,490,google,1,0
0,1,0,1,4,75,1.25,1030,google,1,0
0,1,0,1,1,0,2,473,google,1,0
0,1,0,1,1,0,46,1416,google,1,0
0,1,0,1,2,0,84.5,748,google,1,0
0,1,0,1,2,0,2.5,262,google,1,0
0,1,0,1,4,75,2.75,5444,google,1,0
0,1,0,1,1,0,8,599,google,1,0
0,1,0,1,1,0,3,30,google,1,0
0,1,0,1,7,85.71429,3.4285715,613,google,1,0
0,1,0,1,2,50,2,84,google,1,0
0,1,0,1,3,66.666664,1.3333334,401,google,1,0
0,1,0,1,2,50,2.5,294,google,1,0
0,1,0,1,1,0,9,3321,google,1,0
0,1,0,1,1,0,2,55,google,1,0
0,1,0,1,6,50,70.666664,9907,google,1,0
0,1,0,1,1,0,4,3,google,1,0
0,1,0,0,2,50,1.5,3,google,1,0
0,1,0,1,1,0,2,422,google,1,0
0,1,0,1,6,83.333336,2.1666667,851,google,1,0
0,1,0,1,3,66.666664,1.3333334,187,google,1,0
0,1,0,1,8,25,2.75,4076,google,1,0
0,1,0,0,1,0,10,134,google,1,0
0,1,0,1,1,0,2,408,google,1,0
0,1,0,1,2,50,1.5,1459,google,1,0
0,1,0,0,5,100,1,0,google,1,0
0,1,0,1,1,0,9,5,google,1,0
0,1,0,1,6,83.333336,1.1666666,1593,google,1,0
0,1,0,1,3,33.333332,14.333333,6216,google,1,0
0,1,0,1,6,83.333336,1.1666666,427,google,1,0
0,1,0,1,1,0,20,814,google,1,0
0,1,0,1,10,80,1.3,123,google,1,0
0,1,0,1,2,50,1.5,980,google,1,0
0,1,0,1,2,50,1.5,1626,google,1,0
0,1,0,1,12,100,1,0,google,2,0
0,1,0,1,2,0,10.5,1533,google,1,0
0,1,0,1,3,66.666664,1.3333334,63,google,1,0
0,1,0,1,2,50,2,3,google,1,0
0,1,0,1,3,66.666664,1.3333334,1372,google,1,0
0,1,0,1,6,50,3.8333333,1421,google,1,0
0,1,0,1,1,0,3,400,google,1,0
0,1,0,1,1,0,2,892,google,1,0
0,1,0,1,1,0,5,1178,google,1,0
0,1,0,1,4,75,2.5,790,google,1,0
0,1,0,1,9,77.77778,1.3333334,2880,google,1,0
0,1,0,1,5,80,1.2,24,google,1,0
0,1,0,1,3,66.666664,6.6666665,130,google,1,0
0,1,0,1,9,77.77778,4.888889,2104,google,1,0
0,1,0,1,1,0,18,4114,google,1,0
0,1,0,1,2,50,8.5,114,google,1,0
0,1,0,1,1,0,2,501,google,1,0
0,1,0,1,11,81.818184,2.3636363,830,google,1,0
0,1,0,1,1,0,5,2657,google,1,0
0,1,0,1,2,50,1.5,7,google,1,0
0,1,0,1,2,50,1.5,498,google,1,0
0,1,0,1,19,89.47369,1.1052631,1961,google,1,0
0,1,0,1,1,0,8,18,google,1,0
0,1,0,1,3,66.666664,1.3333334,520,google,1,0
0,1,0,1,37,100,1,0,google,1,0
0,1,0,1,4,50,3,497,google,1,0
0,1,0,1,1,0,2,360,google,1,0
0,1,0,1,1,0,7,1090,google,1,0
0,1,0,1,2,50,1.5,756,google,1,0
0,1,0,1,8,87.5,2.25,1783,google,1,0
0,1,0,1,2,50,2,3028,google,1,0
0,1,0,1,1,0,3,7,google,1,0
0,1,0,1,3,66.666664,1.3333334,155,google,1,0
0,1,0,1,1,0,6,700,google,1,0
0,1,0,1,1,0,19,240,google,1,0
0,1,0,1,1,0,2,1619,google,1,0
0,1,0,1,11,36.363636,5.5454545,4506,google,1,0
0,1,0,1,1,0,5,12,google,1,0
0,1,0,1,1,0,4,903,google,1,0
0,1,0,1,1,0,5,1633,google,1,0
0,1,0,1,3,66.666664,1.3333334,3,google,1,0
0,1,0,1,1,0,6,1899,google,1,0
0,1,0,1,1,0,12,209,google,1,0
0,1,0,1,25,92,1.12,2023,google,1,0
0,1,0,1,1,0,4,11,google,1,0
0,1,0,1,5,80,2.8,2578,google,1,0
0,1,0,1,5,80,1.2,1096,google,1,0
0,1,0,1,2,50,2.5,849,google,1,0
0,1,0,1,8,37.5,3.625,2267,google,1,0
0,1,0,1,1,0,12,482,google,1,0
0,1,0,1,1,0,5,5,google,1,0
0,1,0,0,2,0,2,8,google,1,0
0,1,0,1,1,0,3,144,google,1,0
0,1,0,1,4,50,7,2105,google,1,0
0,1,0,1,3,66.666664,2,71,google,1,0
0,1,0,1,6,66.666664,1.5,2926,google,1,0
0,1,0,1,2,0,2,1588,google,1,0
0,1,0,1,1,0,3,502,google,1,0
0,1,0,1,1,0,17,214,google,1,0
0,1,0,1,1,0,34,2376,google,1,0
0,1,0,1,1,0,6,206,google,1,0
0,1,0,1,2,50,8.5,59,google,1,0
0,1,0,1,7,85.71429,1.1428572,33,google,1,0
0,1,0,1,2,0,2,2485,google,1,0
0,1,0,1,1,0,2,242,google,1,0
0,1,0,1,4,50,2,2389,google,1,0
0,1,0,1,2,50,10.5,449,google,1,0
0,1,0,0,1,0,3,71,google,2,0
0,1,0,1,10,80,1.9,1805,google,1,0
0,1,0,1,2,0,6.5,509,google,1,0
0,1,0,1,4,75,1.5,1754,google,1,0
0,1,0,1,3,66.666664,1.3333334,129,google,1,0
0,1,0,1,1,0,3,204,google,1,0
0,1,0,1,1,0,5,937,google,1,0
0,1,0,1,3,33.333332,7.3333335,262,google,1,0
0,1,0,1,2,50,5,64,google,1,0
0,1,0,1,1,0,3,62,google,1,0
0,1,0,1,1,0,12,1555,google,1,0
0,1,0,1,1,0,28,1267,google,1,0
0,1,0,1,2,50,2,133,google,1,0
0,1,0,1,1,0,40,1741,google,1,0
0,1,0,1,1,0,8,4691,google,1,0
0,1,0,1,1,0,10,187,google,1,0
0,1,0,1,1,0,3,561,google,1,0
0,1,0,1,2,0,2,64,google,1,0
0,1,0,1,3,66.666664,1.3333334,17,google,1,0
0,1,0,1,2,50,8.5,8,google,1,0
0,1,0,1,3,66.666664,1.3333334,61,google,1,0
0,1,0,1,2,50,34,2730,google,1,0
0,1,0,1,2,0,3.5,1032,google,1,0
0,1,0,1,2,50,6.5,8,google,1,0
0,1,0,1,2,0,11.5,5323,google,1,0
0,1,0,1,2,0,7,884,google,1,0
0,1,0,1,1,0,6,352,google,1,0
0,1,0,1,1,0,4,67,google,1,0
0,1,0,1,1,0,80,373,google,1,0
0,1,0,1,2,0,83.5,3035,google,1,0
0,1,0,1,2,50,4,1201,google,1,0
0,1,0,1,2,50,3.5,601,google,1,0
0,1,0,1,1,0,4,3129,google,1,0
0,1,0,1,1,0,4,142,google,1,0
0,1,0,1,5,80,1.2,233,google,1,0
0,1,0,1,2,0,11.5,680,google,1,0
0,1,0,1,17,100,1,0,google,1,0
0,1,0,1,2,0,3.5,96,google,1,0
0,1,0,1,1,0,6,193,google,1,0
0,1,0,1,1,0,4,75,google,1,0
0,1,0,1,1,0,4,53,google,1,0
0,1,0,1,5,60,1.4,65,google,1,0
0,1,0,1,5,40,39.8,5982,google,1,0
0,1,0,1,1,0,12,1463,google,1,0
0,1,0,1,1,0,16,469,google,1,0
0,1,0,1,1,0,21,672,google,1,0
0,1,0,0,1,0,3,185,google,1,0
0,1,1,0,11,18.181818,3.5454545,3698,google.com,1,0
0,1,1,1,1,0,6,14,google.com,1,0
0,1,1,1,1,0,6,65,google.com,1,0
0,1,1,1,1,0,2,4,google.com,1,0
0,1,1,1,1,0,2,6,google.com,1,0
0,1,1,1,2,50,2.5,228,google.de,1,0
0,1,1,1,7,71.42857,1.4285715,170,google.de,1,0
0,1,1,1,2,0,2,96,google.de,1,0
0,1,1,1,1,0,2,74,google.de,1,0
0,1,1,1,2,50,1.5,9,google.de,1,0
0,1,1,1,1,0,3,1682,google.de,1,0
0,1,1,1,7,71.42857,1.2857143,1021,google.de,1,0
0,1,1,1,1,0,5,111,google.de,1,0
0,1,1,1,1,0,5,553,googleweblight.com,1,0
0,1,0,1,1,0,3,35,images.google,1,0
0,1,0,1,3,100,1,0,images.google,1,0
0,1,0,1,1,0,2,42,images.google,1,0
0,1,0,1,14,71.42857,3.642857,1882,images.google,1,0
0,1,0,1,2,50,2.5,24,images.google,1,0
0,1,0,1,1,0,3,13,images.google,1,0
0,1,1,1,2,50,2,979,images.google.de,1,0
0,1,1,1,15,73.333336,1.4,2445,images.google.de,1,0
0,1,1,1,1,0,3,16,images.google.de,1,0
0,1,1,1,1,0,18,40,images.google.de,1,0
0,1,1,1,4,75,2.25,66,images.google.de,1,0
0,1,1,1,2,50,2,46,images.google.de,1,0
0,1,1,1,1,0,3,3,images.google.de,1,0
0,1,1,1,2,50,2,57,images.google.de,1,0
0,1,1,1,2,50,1.5,222,images.google.de,1,0
0,1,1,1,2,50,1.5,2,images.google.de,1,0
0,1,1,1,1,0,2,127,images.google.de,1,0
0,1,1,1,20,90,1.1,306,images.google.de,1,0
0,1,1,1,3,33.333332,1.6666666,108,images.google.de,1,0
0,1,1,1,2,50,14.5,266,images.google.de,1,0
0,1,1,1,5,40,3.2,1509,images.google.de,1,0
0,1,1,1,13,76.92308,1.2307693,2242,images.google.de,1,0
0,1,1,1,6,66.666664,1.6666666,2755,images.google.de,1,0
0,1,1,1,1,0,3,88,images.google.fr,1,0
0,1,1,1,1,100,1,0,keep.google.com,1,0
0,1,1,1,1,0,2,1,learning-languages-online.net,1,0
0,1,1,1,2,50,1.5,8,learning-languages-online.net,1,0
0,1,1,1,3,0,2.6666667,950,learning-languages-online.net,1,0
0,1,1,1,3,33.333332,2,827,light4website.atlassian.net,1,0
0,1,1,1,4,100,1,0,light4website.atlassian.net,1,0
0,1,0,1,1,0,6,968,linkedin.com,1,0
0,1,1,0,3,0,4.3333335,448,localhost:33002,1,0
0,1,1,1,1,0,18,1856,localhost:33002,1,0
0,1,1,1,1,100,1,0,localhost:33002,1,0
0,1,1,0,1,0,3,397,magento-stammtisch.de,1,0
0,1,1,1,2,100,1,0,porter.io,1,0
0,1,1,1,1,100,1,0,porter.io,1,0
0,1,1,1,3,100,1,0,qwant.com,1,0
0,1,1,1,11,81.818184,1.4545455,734,qwant.com,1,0
0,1,1,0,1,0,2,647,rednise.com,1,1
0,1,1,0,2,0,2,1229,rusexy.xyz,1,1
0,1,1,1,1,0,2,134,stackoverflow.com,1,0
0,1,1,0,1,0,2,143,t.co,1,0
0,1,1,1,1,0,2,181,t.co,1,0
0,1,1,0,16,25,5.0625,4273,t.co,1,0
0,1,1,1,1,0,2,928,t.co,1,0
0,1,1,1,1,0,4,592,t.co,1,0
0,1,1,1,1,0,5,200,t.co,1,0
0,1,1,1,2,0,5,2063,t.co,1,0
0,1,1,1,1,0,3,648,t.co,1,0
0,1,1,0,1,0,2,2,t.co,1,0
0,1,1,1,2,0,2.5,5,t.co,1,0
0,1,1,0,8,37.5,3.125,1234,t.co,1,0
0,1,1,0,7,0,3.5714285,624,t.co,1,0
0,1,1,1,1,0,2,4,t.co,1,0
0,1,1,0,1,0,6,29,t.co,1,0
0,1,1,1,2,50,3,8,t.co,1,0
0,1,1,0,3,0,6.6666665,1269,t.co,1,0
0,1,1,1,2,50,1.5,336,t.co,1,0
0,1,1,0,5,40,2.2,263,t.co,1,0
0,1,1,0,1,0,2,5,youtube.com,1,0
0,1,1,1,2,50,3,988,youtube.com,1,0
0,1,1,0,1,100,1,0,...,10,1
0,0,0,0,128,87.5,1.359375,4062,(direct),1,0
0,0,0,1,1,0,2,7,(direct),1,0
0,0,0,0,3,66.666664,1.3333334,462,(direct),1,0
0,0,0,0,2,50,1.5,43,(direct),1,0
0,0,0,0,65,100,1,0,(direct),1,0
0,0,0,0,2,50,2.5,388,(direct),1,0
0,0,0,0,8,100,1,0,(direct),4,0
0,0,0,0,1,0,5,136,(direct),1,0
0,0,0,0,2,50,1.5,51,(direct),1,0
0,0,0,0,6,66.666664,1.5,759,(direct),1,0
0,0,0,0,1,0,5,1269,(direct),1,0
0,0,0,0,1,0,5,1292,(direct),1,0
0,0,0,0,1,0,2,4,(direct),1,0
0,0,0,0,6,16.666666,3.6666667,264,(direct),1,0
0,0,0,0,1,0,3,124,(direct),1,0
0,0,0,0,1,0,6,61,(direct),1,0
0,0,0,1,1,0,11,100,(direct),1,0
0,0,0,0,1,0,2,471,(direct),1,0
0,0,0,0,1,0,2,116,(direct),1,0
0,0,0,0,3,100,1,0,(direct),10,0
0,0,0,0,2,50,1.5,13,(direct),1,0
0,0,0,0,3,33.333332,1.6666666,842,(direct),1,0
0,0,0,0,1,0,3,68,(direct),1,0
0,0,0,0,15,93.333336,1.2,1764,(direct),1,0
0,0,0,1,1,0,3,17,(direct),1,0
0,0,0,0,9,100,1,0,(direct),1,0
0,0,0,0,7,100,1,0,(direct),1,0
0,0,0,1,1,0,4,309,(direct),1,0
0,0,0,0,1,0,2,17,(direct),1,0
0,0,0,0,3,0,5,2876,(direct),1,0
0,0,0,0,1,0,6,445,(direct),1,0
0,0,0,0,2,50,2,239,(direct),1,0
0,0,0,0,14,85.71429,1.1428572,129,(direct),1,0
0,0,0,0,2,50,1.5,36,(direct),1,0
0,0,0,0,2,50,1.5,112,(direct),1,0
0,0,0,0,2,50,3.5,266,(direct),1,0
0,0,0,0,1,0,2,162,(direct),1,0
0,0,0,0,1,0,2,54,(direct),1,0
0,0,0,0,17,64.70588,2.4117646,1115,(direct),1,0
0,0,0,1,1,0,5,785,(direct),1,0
0,0,0,0,3,66.666664,1.3333334,1,(direct),1,0
0,0,0,0,1,0,8,2403,(direct),1,0
0,0,0,0,2,50,3,93,(direct),1,0
0,0,0,0,2,50,3,790,(direct),1,0
0,0,0,0,1,0,2,22,(direct),1,0
0,0,0,0,1,0,10,221,(direct),1,0
0,0,0,0,11,90.90909,1.0909091,42,(direct),1,0
0,0,0,0,1,0,5,1404,(direct),1,0
0,0,0,0,1,0,2,13,(direct),1,0
0,1,1,1,24,100,1,0,adf.ly,1,1
0,1,1,1,1,100,1,0,adf.ly,63,1
0,1,1,1,2,100,1,0,adf.ly,2,1
0,1,1,1,4,100,1,0,adf.ly,1,1
0,1,1,0,8,100,1,0,adtiger.tk,1,1
0,1,1,0,4,100,1,0,adtiger.tk,1,1
0,1,1,0,1,100,1,0,andykdocs.de,8,0
0,1,1,0,1,0,2,51,andykdocs.de,1,0
0,1,0,0,1,0,3,193,bing,1,0
0,1,0,0,1,0,8,124,bing,1,0
0,1,0,0,1,0,3,393,bing,1,0
0,1,0,1,1,0,4,53,bing,1,0
0,1,1,0,12,100,1,0,black-friday.ga,1,1
0,1,1,0,9,100,1,0,build-a-better-business.2your.site,1,1
0,1,1,0,2,100,1,0,build-audience.for-your.website,1,1
0,1,1,0,1,100,1,0,burn-fat.ga,1,1
0,1,1,0,1,100,1,0,chinese-amezon.com,3,1
0,1,1,0,3,66.666664,1.3333334,281,cronweekly.com,1,0
0,1,1,0,1,100,1,0,cronweekly.com,6,0
0,1,1,0,3,100,1,0,cyber-monday.ga,1,1
0,1,1,0,1,100,1,0,domain-tracker.com,3,1
0,1,1,0,1,100,1,0,dominateforex.ml,1,1
0,1,1,0,1,0,11,320,duckduckgo.com,1,0
0,1,1,0,1,100,1,0,duckduckgo.com,5,0
0,1,1,0,1,0,11,446,duckduckgo.com,1,0
0,1,1,0,1,0,2,5,duckduckgo.com,1,0
0,1,1,0,2,100,1,0,duckduckgo.com,1,0
0,1,1,0,1,0,6,1820,duckduckgo.com,1,0
0,1,1,0,1,0,4,50,duckduckgo.com,1,0
0,1,1,0,4,100,1,0,e-buyeasy.com,1,1
0,1,1,0,1,100,1,0,easycommerce.cf,1,1
0,1,1,0,1,100,1,0,facebook.com,2,0
0,1,1,0,2,100,1,0,fix-website-errors.com,3,1
0,1,1,0,128,88.28125,1.1171875,6100,floating-share-buttons.com,1,1
0,1,1,0,1,100,1,0,floating-share-buttons.com,316,1
0,1,1,0,3,100,1,0,floating-share-buttons.com,13,1
0,1,1,0,2,100,1,0,floating-share-buttons.com,27,1
0,1,1,0,1,0,2,500,floating-share-buttons.com,6,1
0,1,1,0,1,0,2,600,floating-share-buttons.com,8,1
0,1,1,0,1,0,2,400,floating-share-buttons.com,13,1
0,1,1,0,2,50,1.5,300,floating-share-buttons.com,2,1
0,1,1,0,4,100,1,0,floating-share-buttons.com,5,1
0,1,1,0,3,66.666664,1.3333334,600,floating-share-buttons.com,2,1
0,1,1,0,4,50,1.5,1000,floating-share-buttons.com,2,1
0,1,1,0,9,100,1,0,floating-share-buttons.com,1,1
0,1,1,0,7,100,1,0,floating-share-buttons.com,1,1
0,1,1,0,5,80,1.2,300,floating-share-buttons.com,1,1
0,1,1,0,5,80,1.2,600,floating-share-buttons.com,1,1
0,1,1,0,2,50,1.5,400,floating-share-buttons.com,2,1
0,1,1,0,1,0,2,300,floating-share-buttons.com,3,1
0,1,1,0,5,80,1.2,400,floating-share-buttons.com,1,1
0,1,1,0,13,76.92308,1.2307693,1700,floating-share-buttons.com,1,1
0,1,1,0,6,100,1,0,floating-share-buttons.com,1,1
0,1,1,0,10,100,1,0,floating-share-buttons.com,1,1
0,1,1,0,13,92.30769,1.0769231,400,floating-share-buttons.com,1,1
0,1,1,0,2,50,1.5,500,floating-share-buttons.com,1,1
0,1,1,0,3,66.666664,1.3333334,400,floating-share-buttons.com,1,1
0,1,1,1,11,100,1,0,free-social-buttons.xyz,1,1
0,1,1,1,2,100,1,0,free-social-buttons.xyz,3,1
0,1,1,1,1,100,1,0,free-social-buttons.xyz,38,1
0,1,1,1,3,100,1,0,free-social-buttons.xyz,1,1
0,1,1,0,2,100,1,0,free-video-tool.com,2,1
0,1,1,0,19,100,1,0,get-free-social-traffic.com,1,1
0,1,1,0,1,100,1,0,get-free-social-traffic.com,68,1
0,1,1,0,2,100,1,0,get-free-social-traffic.com,7,1
0,1,1,0,1,0,2,500,get-free-social-traffic.com,2,1
0,1,1,0,1,0,2,600,get-free-social-traffic.com,1,1
0,1,1,0,2,0,2,900,get-free-social-traffic.com,1,1
0,1,1,0,1,0,2,300,get-free-social-traffic.com,2,1
0,1,1,0,4,100,1,0,get-free-social-traffic.com,1,1
0,1,1,1,6,100,1,0,get-your-social-buttons.info,1,1
0,1,1,1,4,100,1,0,get-your-social-buttons.info,2,1
0,1,1,1,3,100,1,0,get-your-social-buttons.info,2,1
0,1,1,1,1,100,1,0,get-your-social-buttons.info,86,1
0,1,1,1,2,100,1,0,get-your-social-buttons.info,3,1
0,1,1,0,1,100,1,0,getlamborghini.ga,1,1
0,1,1,0,1,0,2,77,getpocket.com,1,0
0,1,1,0,1,0,2,13,getpocket.com,1,0
0,1,1,0,5,100,1,0,getrichquick.ml,1,1
0,1,1,0,1,100,1,0,getrichquickly.info,1,1
0,1,1,0,1,0,3,138,github.com,1,0
0,1,1,0,1,0,4,190,github.com,1,0
0,1,1,1,1,0,2,12,github.com,1,0
0,1,1,0,1,0,2,12,github.com,1,0
0,1,1,0,2,50,1.5,28,github.com,1,0
0,1,1,0,1,0,2,45,github.com,1,0
0,1,1,0,1,0,2,96,github.com,1,0
0,1,1,0,1,0,5,12,github.com,1,0
0,1,1,0,1,0,2,18,github.com,1,0
0,1,1,0,3,66.666664,1.3333334,28,github.com,1,0
0,1,0,0,39,74.35897,1.8974359,2454,google,1,0
0,1,0,0,2,0,2,307,google,1,0
0,1,0,0,3,66.666664,1.3333334,93,google,1,0
0,1,0,0,1,0,6,424,google,1,0
0,1,0,0,1,0,2,169,google,1,0
0,1,0,0,1,0,2,76,google,1,0
0,1,0,0,1,0,3,116,google,1,0
0,1,0,0,1,0,4,51,google,1,0
0,1,0,0,1,0,3,230,google,1,0
0,1,0,0,1,0,7,52,google,1,0
0,1,0,0,5,60,1.6,163,google,1,0
0,1,0,0,1,0,6,591,google,1,0
0,1,0,0,1,0,8,327,google,1,0
0,1,0,0,1,0,8,2571,google,1,0
0,1,0,0,1,0,3,489,google,1,0
0,1,0,0,2,50,5,760,google,1,0
0,1,0,0,1,0,2,639,google,1,0
0,1,0,0,1,0,3,378,google,1,0
0,1,0,0,7,42.857143,3.2857144,3217,google,1,0
0,1,0,0,3,66.666664,1.3333334,82,google,1,0
0,1,0,0,1,0,2,33,google,1,0
0,1,0,0,4,50,4.5,1162,google,1,0
0,1,0,0,1,0,3,1592,google,1,0
0,1,0,0,1,0,4,450,google,1,0
0,1,0,0,1,0,3,157,google,1,0
0,1,0,0,1,0,2,6,google,1,0
0,1,0,0,1,0,2,771,google,1,0
0,1,0,0,1,0,4,661,google,1,0
0,1,0,0,1,0,2,121,google,1,0
0,1,0,0,1,0,3,67,google,1,0
0,1,0,0,1,0,2,46,google,1,0
0,1,0,0,1,0,3,10,google,1,0
0,1,0,0,1,0,9,411,google,1,0
0,1,0,0,1,0,2,59,google,1,0
0,1,0,0,2,0,5,1324,google,1,0
0,1,0,0,1,0,2,385,google,1,0
0,1,0,0,1,0,3,121,google,1,0
0,1,0,0,1,0,2,34,google,1,0
0,1,0,0,1,0,37,1164,google,1,0
0,1,0,0,8,87.5,1.125,31,google,1,0
0,1,0,0,1,0,2,113,google,1,0
0,1,0,0,1,0,3,1353,google,1,0
0,1,0,0,2,50,2,296,google,1,0
0,1,0,0,1,0,4,786,google,1,0
0,1,0,0,1,0,2,57,google,1,0
0,1,0,0,1,0,9,1160,google,1,0
0,1,0,0,2,50,2,73,google,1,0
0,1,0,0,1,0,6,618,google,1,0
0,1,0,0,1,0,3,173,google,1,0
0,1,0,0,2,50,1.5,183,google,1,0
0,1,0,0,1,0,11,671,google,1,0
0,1,0,0,1,0,5,677,google,1,0
0,1,0,0,2,50,1.5,32,google,1,0
0,1,0,0,1,0,5,444,google,1,0
0,1,0,0,1,0,5,38,google,1,0
0,1,0,0,1,0,3,27,google,1,0
0,1,0,0,1,0,6,152,google,1,0
0,1,0,0,1,0,2,1638,google,1,0
0,1,0,0,1,0,4,175,google,1,0
0,1,0,0,5,80,1.4,24,google,1,0
0,1,0,0,1,0,4,54,google,1,0
0,1,0,1,1,0,3,566,google,1,0
0,1,0,1,1,0,10,213,google,1,0
0,1,0,0,1,0,3,194,google,1,0
0,1,0,0,1,0,2,198,google,1,0
0,1,0,0,1,0,8,2537,google,1,0
0,1,0,0,1,0,3,237,google,1,0
0,1,0,0,3,33.333332,2.6666667,340,google,1,0
0,1,0,0,5,40,3.6,2227,google,1,0
0,1,0,0,1,0,4,558,google,1,0
0,1,0,0,1,0,5,892,google,1,0
0,1,0,0,1,0,3,226,google,1,0
0,1,0,0,1,0,3,1860,google,1,0
0,1,0,0,1,0,7,1464,google,1,0
0,1,0,0,1,0,2,497,google,1,0
0,1,0,0,1,0,5,1287,google,1,0
0,1,0,0,1,0,3,115,google,1,0
0,1,0,0,7,57.142857,2,255,google,1,0
0,1,0,0,1,0,6,450,google,1,0
0,1,0,0,4,75,1.75,51,google,1,0
0,1,0,0,1,0,2,49,google,1,0
0,1,0,0,1,0,2,550,google,1,0
0,1,0,0,1,0,2,325,google,1,0
0,1,0,0,1,0,5,956,google,1,0
0,1,0,0,1,0,5,174,google,1,0
0,1,0,0,1,0,2,291,google,1,0
0,1,0,0,1,0,5,362,google,1,0
0,1,0,0,1,0,2,53,google,1,0
0,1,0,0,1,0,5,1337,google,1,0
0,1,0,0,1,0,3,459,google,1,0
0,1,0,0,1,0,6,305,google,1,0
0,1,0,0,1,0,2,1317,google,1,0
0,1,0,0,4,100,1,0,google,1,0
0,1,0,0,1,0,2,122,google,1,0
0,1,0,0,2,50,2,110,google,1,0
0,1,0,0,2,50,4,985,google,1,0
0,1,0,0,1,0,8,350,google,1,0
0,1,0,0,1,0,7,222,google,1,0
0,1,0,0,1,0,2,65,google,1,0
0,1,0,0,1,0,3,154,google,1,0
0,1,0,0,1,0,2,253,google,1,0
0,1,0,0,1,0,2,37,google,1,0
0,1,0,0,1,0,2,1783,google,1,0
0,1,0,0,11,72.72727,1.7272727,576,google,1,0
0,1,0,0,1,0,2,36,google,1,0
0,1,0,0,1,0,5,121,google,1,0
0,1,0,0,1,0,2,1028,google,1,0
0,1,0,0,1,0,5,248,google,1,0
0,1,0,0,2,50,1.5,34,google,1,0
0,1,1,0,1,100,1,0,hn.algolia.com,2,0
0,1,1,0,1,0,5,88,hn.algolia.com,1,0
0,1,1,0,1,100,1,0,hosting-tracker.com,4,1
0,1,1,0,1,100,1,0,http://go.ekatalog.xyz/,1,1
0,1,1,0,1,100,1,0,increasewwwtraffic.info,1,1
0,1,1,0,2,100,1,0,keywords-monitoring-your-success.com,1,1
0,1,1,0,1,100,1,0,m.facebook.com,2,0
0,1,1,0,1,100,1,0,m.reddit.com,9,0
0,1,1,0,1,0,2,77,m.reddit.com,1,0
0,1,1,0,1,0,3,95,m.reddit.com,1,0
0,1,1,0,1,100,1,0,magicdiet.gq,1,1
0,1,1,0,1,100,1,0,mail.google.com,1,0
0,1,1,0,4,100,1,0,makeprogress.ga,1,1
0,1,1,0,4,100,1,0,new-look.for-your.website,1,1
0,1,1,0,1,100,1,0,news.ycombinator.com,17,0
0,1,1,0,1,100,1,0,pay.reddit.com,1,1
0,1,1,0,1,100,1,0,porter.io,1,0
0,1,1,0,5,100,1,0,qualitymarketzone.com,1,1
0,1,1,0,3,100,1,0,qualitymarketzone.com,1,1
0,1,1,0,1,100,1,0,quit-smoking.ga,2,1
0,1,1,0,9,100,1,0,rank-checker.online,2,1
0,1,1,0,4,100,1,0,rank-checker.online,12,1
0,1,1,0,8,87.5,1.125,331,rank-checker.online,1,1
0,1,1,0,8,75,1.25,1547,rank-checker.online,1,1
0,1,1,0,7,100,1,0,rank-checker.online,4,1
0,1,1,0,15,100,1,0,rank-checker.online,1,1
0,1,1,0,10,100,1,0,rank-checker.online,2,1
0,1,1,0,22,95.454544,1.0454545,1421,rank-checker.online,1,1
0,1,1,0,6,100,1,0,rank-checker.online,2,1
0,1,1,0,13,84.61539,1.1538461,957,rank-checker.online,1,1
0,1,1,0,12,83.333336,1.1666666,1462,rank-checker.online,1,1
0,1,1,0,4,75,1.25,1312,rank-checker.online,1,1
0,1,1,0,12,100,1,0,rank-checker.online,2,1
0,1,1,0,1,0,500,1116,rank-checker.online,1,1
0,1,1,0,8,100,1,0,rank-checker.online,1,1
0,1,1,0,3,66.666664,1.3333334,1283,rank-checker.online,1,1
0,1,1,0,2,100,1,0,reddit.com,3,0
0,1,1,0,1,100,1,0,reddit.com,217,0
0,1,1,0,1,0,3,53,reddit.com,1,0
0,1,1,0,1,0,2,19,reddit.com,2,0
0,1,1,0,1,0,2,53,reddit.com,1,0
0,1,1,0,1,0,2,117,reddit.com,1,0
0,1,1,0,1,0,2,546,reddit.com,1,0
0,1,1,0,1,0,2,84,reddit.com,1,0
0,1,1,0,1,0,3,389,reddit.com,1,0
0,1,1,0,6,66.666664,1.6666666,234,reddit.com,1,0
0,1,1,0,3,100,1,0,reddit.com,3,0
0,1,1,0,1,0,2,91,reddit.com,1,0
0,1,1,0,1,0,2,78,reddit.com,1,0
0,1,1,0,1,0,2,414,reddit.com,1,0
0,1,1,0,2,50,3,633,reddit.com,1,0
0,1,1,0,1,0,3,29,reddit.com,1,0
0,1,1,0,1,0,2,33,reddit.com,1,0
0,1,1,0,1,0,2,170,reddit.com,1,0
0,1,1,0,1,0,2,37,reddit.com,1,0
0,1,1,0,1,0,3,318,reddit.com,1,0
0,1,1,0,1,0,2,290,reddit.com,1,0
0,1,1,0,1,0,2,65,reddit.com,1,0
0,1,1,0,1,0,2,62,reddit.com,1,0
0,1,1,0,1,0,2,34,reddit.com,1,0
0,1,1,0,10,90,1.2,547,reddit.com,1,0
0,1,1,0,1,0,2,47,reddit.com,1,0
0,1,1,0,1,0,2,88,reddit.com,1,0
0,1,1,0,1,0,7,91,reddit.com,1,0
0,1,1,0,1,0,2,29,reddit.com,1,0
0,1,1,0,1,0,2,83,reddit.com,1,0
0,1,1,0,1,0,5,435,reddit.com,1,0
0,1,1,0,1,0,2,54,reddit.com,1,0
0,1,1,0,1,0,2,122,reddit.com,1,0
0,1,1,0,1,0,3,33,reddit.com,1,0
0,1,1,0,1,0,3,44,reddit.com,1,0
0,1,1,0,1,100,1,0,redditery.com,1,0
0,1,1,0,22,100,1,0,santasgift.ml,1,1
0,1,1,1,17,100,1,0,share-buttons.xyz,1,1
0,1,1,1,3,100,1,0,share-buttons.xyz,1,1
0,1,1,0,1,100,1,0,site1.free-floating-buttons.com,3,1
0,1,1,0,2,100,1,0,site10.free-floating-buttons.com,1,1
0,1,1,0,1,100,1,0,site10.free-floating-buttons.com,13,1
0,1,1,0,1,100,1,0,site2.free-floating-buttons.com,7,1
0,1,1,0,1,100,1,0,site3.free-floating-buttons.com,7,1
0,1,1,1,1,100,1,0,site34605846.snip.to,12,1
0,1,1,0,8,100,1,0,site4.floating-share-buttons.com,1,1
0,1,1,0,1,100,1,0,site4.floating-share-buttons.com,47,1
0,1,1,0,1,0,2,600,site4.floating-share-buttons.com,2,1
0,1,1,0,1,0,2,500,site4.floating-share-buttons.com,2,1
0,1,1,0,1,0,2,300,site4.floating-share-buttons.com,1,1
0,1,1,0,2,100,1,0,site4.floating-share-buttons.com,2,1
0,1,1,0,1,0,2,400,site4.floating-share-buttons.com,1,1
0,1,1,0,2,50,1.5,400,site4.floating-share-buttons.com,1,1
0,1,1,0,1,100,1,0,site4.free-floating-buttons.com,16,1
0,1,1,0,7,100,1,0,site5.floating-share-buttons.com,1,1
0,1,1,0,1,100,1,0,site5.floating-share-buttons.com,21,1
0,1,1,0,1,100,1,0,site5.free-floating-buttons.com,2,1
0,1,1,1,4,100,1,0,site52982488.snip.to,1,1
0,1,1,1,1,100,1,0,site52982488.snip.to,24,1
0,1,1,1,2,100,1,0,site52982488.snip.to,1,1
0,1,1,0,1,100,1,0,site6.free-floating-buttons.com,8,1
0,1,1,0,1,100,1,0,site7.free-floating-buttons.com,4,1
0,1,1,0,1,100,1,0,site8.free-floating-buttons.com,2,1
0,1,1,0,7,100,1,0,site9.free-floating-buttons.com,1,1
0,1,1,0,1,0,2,600,site9.free-floating-buttons.com,3,1
0,1,1,0,1,100,1,0,site9.free-floating-buttons.com,14,1
0,1,1,0,2,100,1,0,site9.free-floating-buttons.com,3,1
0,1,1,0,1,0,2,300,site9.free-floating-buttons.com,1,1
0,1,1,0,1,0,2,400,site9.free-floating-buttons.com,1,1
0,1,1,0,1,0,2,500,site9.free-floating-buttons.com,1,1
0,1,1,0,4,100,1,0,smarter-content.for-your.website,1,1
0,1,1,0,1,100,1,0,smartphonediscount.info,1,1
0,1,1,1,23,100,1,0,snip.to,1,1
0,1,1,1,1,100,1,0,snip.to,77,1
0,1,1,1,2,100,1,0,snip.to,7,1
0,1,1,1,3,100,1,0,snip.to,2,1
0,1,1,0,4,100,1,0,social-traffic-2.xyz,1,1
0,1,1,0,1,100,1,0,social-traffic-2.xyz,22,1
0,1,1,1,3,100,1,0,social-widget.xyz,1,1
0,1,1,1,1,100,1,0,social-widget.xyz,20,1
0,1,1,1,3,100,1,0,socialbuttons.xyz,1,1
0,1,1,1,1,100,1,0,socialbuttons.xyz,16,1
0,1,1,0,1,100,1,0,startpage.com,2,0
0,1,1,0,1,0,6,1715,startpage.com,1,0
0,1,1,0,1,0,2,17,t.co,1,0
0,1,1,0,1,100,1,0,theoldreader.com,1,0
0,1,1,0,2,100,1,0,topquality.cf,2,1
0,1,1,0,5,100,1,0,topseoservices.co,1,1
0,1,1,1,48,100,1,0,traffic2cash.xyz,1,1
0,1,1,1,2,100,1,0,traffic2cash.xyz,14,1
0,1,1,1,4,100,1,0,traffic2cash.xyz,3,1
0,1,1,1,3,100,1,0,traffic2cash.xyz,3,1
0,1,1,0,4,100,1,0,trafficgenius.xyz,1,1
0,1,1,0,1,100,1,0,w3javascript.com,1,1
0,1,1,0,11,100,1,0,w3javascript.com,1,1
0,1,1,1,2,100,1,0,web-revenue.xyz,2,1
0,1,1,0,1,100,1,0,website-stealer.nufaq.com,9,1
0,1,1,0,5,100,1,0,website-stealer.nufaq.com,1,1
0,1,1,0,3,100,1,0,wiki.ucdn.com,1,0
0,1,1,0,1,100,1,0,wordpresscore.com,3,1
0,1,1,0,1,100,1,0,work-from-home-earn-money-online.com,1,1
0,1,0,0,1,100,1,0,yahoo,1,0
0,1,0,0,1,100,1,0,yandex,1,0
0,0,0,0,26,26.923077,4,6731,(direct),1,0
0,0,0,0,4,25,2.25,156,(direct),1,0
0,0,0,0,2,50,12,393,(direct),1,0
0,0,0,1,1,0,3,10,(direct),1,0
0,0,0,0,3,66.666664,1.3333334,109,(direct),1,0
0,0,0,0,1,0,5,1568,(direct),1,0
0,0,0,0,1,0,2,1367,(direct),1,0
0,0,0,0,1,0,3,1135,(direct),1,0
0,0,0,0,3,33.333332,7.6666665,1976,(direct),1,0
0,0,0,1,2,0,3,37,(direct),1,0
0,0,0,1,1,0,4,70,(direct),1,0
0,0,0,0,1,0,3,55,(direct),1,0
0,0,0,0,1,0,3,1533,(direct),1,0
0,0,0,0,1,0,2,0,(direct),1,0
0,0,0,0,1,0,2,7,(direct),1,0
0,0,0,0,1,0,4,660,(direct),1,0
0,1,1,0,1,0,4,66,analytics.google.com,1,0
0,1,1,0,1,0,3,32,andykdocs.de,1,0
0,1,1,0,1,0,5,1843,andykdocs.de,1,0
0,1,0,0,1,0,4,20,bing,1,0
0,1,0,0,4,100,1,0,bing,1,0
0,1,0,1,1,0,3,1160,bing,1,0
0,1,0,1,1,0,11,611,bing,1,0
0,1,1,0,1,100,1,0,claim63064808.copyrightclaims.org,53,1
0,1,1,0,2,100,1,0,claim63064808.copyrightclaims.org,3,1
0,1,1,0,1,0,2,1329,claim63064808.copyrightclaims.org,1,1
0,1,1,0,1,0,3,2335,claim63064808.copyrightclaims.org,1,1
0,1,1,0,1,0,2,388,claim63064808.copyrightclaims.org,1,1
0,1,1,0,3,100,1,0,claim63064808.copyrightclaims.org,1,1
0,1,1,0,1,0,2,306,claim63064808.copyrightclaims.org,1,1
0,1,1,0,1,0,2,1466,claim63064808.copyrightclaims.org,1,1
0,1,1,0,1,0,2,836,claim63064808.copyrightclaims.org,1,1
0,1,1,0,3,66.666664,1.6666666,2162,claim63064808.copyrightclaims.org,1,1
0,1,1,0,1,0,3,1114,claim63064808.copyrightclaims.org,1,1
0,1,1,0,1,0,2,1171,claim63064808.copyrightclaims.org,1,1
0,1,1,0,2,50,1.5,148,cronweekly.com,1,0
0,1,1,0,1,100,1,0,erot.co,2,1
0,1,1,0,1,0,2,223,forum.topic63064808.6hopping.com,1,1
0,1,1,0,2,0,3,0,forum.topic63064808.darodar.com,1,1
0,1,1,0,1,100,1,0,getpocket.com,1,0
0,1,1,0,15,20,3.4666667,1735,github.com,1,0
0,1,1,1,2,0,2.5,562,github.com,1,0
0,1,1,0,1,0,5,1576,github.com,1,0
0,1,1,0,1,0,8,1786,github.com,1,0
0,1,1,1,1,0,2,317,github.com,1,0
0,1,1,0,1,0,4,71,github.com,1,0
0,1,1,0,1,0,3,4,github.com,1,0
0,1,1,1,1,0,7,182,github.com,1,0
0,1,1,0,1,0,4,73,github.com,2,0
0,1,1,0,1,0,3,57,github.com,1,0
0,1,1,0,1,0,9,197,github.com,1,0
0,1,1,0,1,0,2,2,github.com,1,0
0,1,1,1,1,0,15,110,github.com,1,0
0,1,1,1,1,0,2,5,github.com,1,0
0,1,1,1,1,0,2,18,github.com,1,0
0,1,1,0,1,0,4,65,github.com,1,0
0,1,1,1,2,0,4.5,1202,github.com,1,0
0,1,1,1,1,0,2,8,github.com,1,0
0,1,1,0,1,0,3,20,github.com,1,0
0,1,0,0,10,40,3.6,4377,google,1,0
0,1,0,1,3,33.333332,3.3333333,206,google,1,0
0,1,0,1,1,0,7,2342,google,1,0
0,1,0,1,3,33.333332,1.6666666,40,google,1,0
0,1,0,1,1,0,12,2991,google,1,0
0,1,0,0,1,0,4,330,google,1,0
0,1,0,0,1,0,5,33,google,1,0
0,1,0,0,1,0,2,231,google,1,0
0,1,0,0,2,50,2.5,58,google,1,0
0,1,0,1,1,0,7,162,google,1,0
0,1,0,0,2,50,3,128,google,1,0
0,1,0,1,1,0,2,19,google,1,0
0,1,0,1,1,0,5,2144,google,1,0
0,1,0,0,1,0,2,747,google,1,0
0,1,0,0,14,14.285714,7,8829,google,1,0
0,1,0,0,6,100,1,0,google,1,0
0,1,0,0,1,0,4,1246,google,1,0
0,1,0,1,1,0,6,669,google,1,0
0,1,0,0,1,0,4,1538,google,1,0
0,1,0,1,1,0,8,990,google,1,0
0,1,0,0,1,0,11,867,google,1,0
0,1,0,0,1,0,4,76,google,1,0
0,1,0,0,13,30.76923,4.076923,2784,google,1,0
0,1,0,1,1,0,3,152,google,1,0
0,1,0,1,1,0,2,294,google,1,0
0,1,0,1,1,0,3,71,google,1,0
0,1,0,0,2,50,1.5,610,google,1,0
0,1,0,0,1,0,7,1251,google,1,0
0,1,0,0,1,0,2,546,google,1,0
0,1,0,0,1,0,3,56,google,1,0
0,1,0,0,1,0,2,73,google,1,0
0,1,0,0,4,75,2,558,google,1,0
0,1,0,1,1,0,29,1006,google,1,0
0,1,0,0,4,75,1.5,1772,google,1,0
0,1,0,1,1,0,3,69,google,1,0
0,1,0,0,1,0,2,62,google,1,0
0,1,0,0,1,0,2,16,google,1,0
0,1,1,0,2,0,2.5,5,google.com,1,0
0,1,1,0,8,25,3.125,705,google.com,1,0
0,1,1,0,7,0,2.5714285,65,google.com,1,0
0,1,1,0,1,0,3,3,google.com,1,0
0,1,1,0,3,100,1,0,hongfanji.com,1,1
0,1,1,0,1,100,1,0,how-to-earn-quick-money.com,1,1
0,1,1,0,17,41.17647,3.9411764,1524,localhost:33001,1,0
0,1,1,1,1,0,2,5,localhost:33001,1,0
0,1,1,1,1,0,8,2600,localhost:33001,1,0
0,1,1,0,1,0,2,613,lsex.xyz,1,1
0,1,1,0,1,0,4,169,mail.google.com,1,0
0,1,1,0,2,0,3.5,430,news.ycombinator.com,1,0
0,1,1,0,1,0,3,121,news.ycombinator.com,1,0
0,1,1,0,1,100,1,0,pinboard.in,1,0
0,1,1,0,8,87.5,1.125,826,rank-checker.online,1,1
0,1,1,0,5,80,1.2,356,rank-checker.online,1,1
0,1,1,0,1,0,500,1213,rank-checker.online,1,1
0,1,1,0,2,50,1.5,1716,rank-checker.online,1,1
0,1,1,0,11,100,1,0,rank-checker.online,1,1
0,1,1,0,1,0,2,23,reddit.com,1,0
0,1,1,0,1,0,2,358,reddit.com,1,0
0,1,1,0,1,0,2,608,rednise.com,1,1
0,1,1,0,3,0,2,1846,rusexy.xyz,1,1
0,1,1,0,3,100,1,0,sandbox.lisias.net,1,0
0,1,1,0,1,100,1,0,shr.soucy.cc,1,0
0,1,1,0,10,10,2.2,1073,t.co,1,0
0,1,1,0,2,100,1,0,t.co,1,0
0,1,1,0,1,0,6,364,wiki.ucdn.com,1,0
0,1,1,1,1,0,8,2022,wiki.ucdn.com,1,0
